created_at,entry_id,field1,field2,field3,field4,field5
2017-06-30 00:00:02 UTC,334803,135.00,0.00,0.89,0.00,0.00
2017-06-30 00:01:07 UTC,334804,180.00,0.00,0.89,0.00,0.00
2017-06-30 00:02:12 UTC,334805,135.00,0.00,0.89,0.00,0.00
2017-06-30 00:03:18 UTC,334806,135.00,0.00,0.00,0.00,0.00
2017-06-30 00:04:23 UTC,334807,45.00,0.00,0.00,0.00,0.00
2017-06-30 00:05:28 UTC,334808,90.00,0.00,0.00,0.00,0.00
2017-06-30 00:06:34 UTC,334809,315.00,0.00,0.00,0.00,0.00
2017-06-30 00:07:39 UTC,334810,180.00,0.00,0.00,0.00,0.00
2017-06-30 00:08:44 UTC,334811,180.00,0.00,0.00,0.00,0.00
2017-06-30 00:09:49 UTC,334812,225.00,0.00,0.00,0.00,0.00
2017-06-30 00:10:55 UTC,334813,135.00,0.00,0.00,0.00,0.00
2017-06-30 00:12:00 UTC,334814,180.00,0.00,0.00,0.00,0.00
2017-06-30 00:13:05 UTC,334815,45.00,0.00,0.00,0.00,0.00
2017-06-30 00:14:10 UTC,334816,0.00,0.00,0.00,0.00,0.00
2017-06-30 00:15:16 UTC,334817,0.00,0.00,0.45,0.00,0.00
2017-06-30 00:16:21 UTC,334818,225.00,0.00,0.45,0.00,0.00
2017-06-30 00:17:26 UTC,334819,135.00,0.00,0.45,0.00,0.00
2017-06-30 00:18:32 UTC,334820,90.00,0.00,0.45,0.00,0.00
2017-06-30 00:19:37 UTC,334821,45.00,0.00,0.45,0.00,0.00
2017-06-30 00:20:42 UTC,334822,90.00,0.00,0.00,0.00,0.00
2017-06-30 00:21:47 UTC,334823,90.00,0.00,0.00,0.00,0.00
2017-06-30 00:22:53 UTC,334824,180.00,0.00,0.00,0.00,0.00
2017-06-30 00:23:58 UTC,334825,180.00,0.00,0.00,0.00,0.00
2017-06-30 00:25:03 UTC,334826,135.00,0.00,0.89,0.00,0.00
2017-06-30 00:26:09 UTC,334827,180.00,0.00,0.89,0.00,0.00
2017-06-30 00:27:14 UTC,334828,180.00,0.45,0.89,0.00,0.00
2017-06-30 00:28:19 UTC,334829,45.00,0.00,0.89,0.00,0.00
2017-06-30 00:29:24 UTC,334830,225.00,0.00,0.89,0.00,0.00
2017-06-30 00:30:30 UTC,334831,0.00,0.00,0.89,0.00,0.00
2017-06-30 00:31:35 UTC,334832,45.00,0.00,0.89,0.00,0.00
2017-06-30 00:32:40 UTC,334833,135.00,0.00,0.45,0.00,0.00
2017-06-30 00:33:45 UTC,334834,45.00,0.00,0.45,0.00,0.00
2017-06-30 00:34:50 UTC,334835,180.00,0.00,0.45,0.00,0.00
2017-06-30 00:35:56 UTC,334836,45.00,0.00,0.45,0.00,0.00
2017-06-30 00:37:01 UTC,334837,180.00,0.00,0.45,0.00,0.00
2017-06-30 00:39:12 UTC,334838,135.00,0.00,0.45,0.00,0.00
2017-06-30 00:40:17 UTC,334839,180.00,0.00,0.89,0.00,0.00
2017-06-30 00:41:22 UTC,334840,180.00,0.00,0.89,0.00,0.00
2017-06-30 00:42:28 UTC,334841,45.00,0.00,0.89,0.00,0.00
2017-06-30 00:43:33 UTC,334842,0.00,0.00,0.89,0.00,0.00
2017-06-30 00:44:38 UTC,334843,0.00,0.00,0.89,0.00,0.00
2017-06-30 00:45:43 UTC,334844,180.00,0.00,0.89,0.00,0.00
2017-06-30 00:46:49 UTC,334845,180.00,0.00,0.89,0.00,0.00
2017-06-30 00:47:54 UTC,334846,180.00,0.00,0.89,0.00,0.00
2017-06-30 00:48:59 UTC,334847,180.00,0.00,0.89,0.00,0.00
2017-06-30 00:50:05 UTC,334848,315.00,0.00,0.89,0.00,0.00
2017-06-30 00:51:10 UTC,334849,270.00,0.00,0.89,0.00,0.00
2017-06-30 00:52:15 UTC,334850,315.00,0.00,0.89,0.00,0.00
2017-06-30 00:53:20 UTC,334851,0.00,0.00,0.45,0.00,0.00
2017-06-30 00:54:25 UTC,334852,90.00,0.00,0.45,0.00,0.00
2017-06-30 00:55:31 UTC,334853,90.00,0.00,0.00,0.00,0.00
2017-06-30 00:56:36 UTC,334854,180.00,0.00,0.00,0.00,0.00
2017-06-30 00:57:41 UTC,334855,135.00,0.00,0.00,0.00,0.00
2017-06-30 00:58:47 UTC,334856,0.00,0.00,0.00,0.00,0.00
2017-06-30 00:59:52 UTC,334857,0.00,0.00,0.00,0.00,0.00
2017-06-30 01:00:57 UTC,334858,45.00,0.00,0.00,0.00,0.00
2017-06-30 01:02:03 UTC,334859,0.00,0.00,0.00,0.00,0.00
2017-06-30 01:03:08 UTC,334860,90.00,0.00,0.00,0.00,0.00
2017-06-30 01:04:13 UTC,334861,225.00,0.00,0.00,0.00,0.00
2017-06-30 01:05:18 UTC,334862,180.00,0.00,0.00,0.00,0.00
2017-06-30 01:06:24 UTC,334863,0.00,0.00,0.00,0.00,0.00
2017-06-30 01:07:29 UTC,334864,225.00,0.00,0.00,0.00,0.00
2017-06-30 01:08:34 UTC,334865,135.00,0.00,0.00,0.00,0.00
2017-06-30 01:09:39 UTC,334866,180.00,0.00,0.00,0.00,0.00
2017-06-30 01:10:45 UTC,334867,180.00,0.00,0.45,0.00,0.00
2017-06-30 01:11:50 UTC,334868,180.00,0.45,0.89,0.00,0.00
2017-06-30 01:12:55 UTC,334869,225.00,0.00,0.89,0.00,0.00
2017-06-30 01:14:00 UTC,334870,225.00,0.00,0.89,0.00,0.00
2017-06-30 01:15:06 UTC,334871,180.00,0.00,0.89,0.00,0.00
2017-06-30 01:16:11 UTC,334872,45.00,0.00,0.89,0.00,0.00
2017-06-30 01:17:16 UTC,334873,135.00,0.00,0.89,0.00,0.00
2017-06-30 01:18:22 UTC,334874,45.00,0.00,0.45,0.00,0.00
2017-06-30 01:19:27 UTC,334875,225.00,0.00,0.45,0.00,0.00
2017-06-30 01:20:33 UTC,334876,180.00,0.00,0.45,0.00,0.00
2017-06-30 01:21:37 UTC,334877,90.00,0.00,0.45,0.00,0.00
2017-06-30 01:22:43 UTC,334878,180.00,0.00,0.45,0.00,0.00
2017-06-30 01:23:48 UTC,334879,225.00,0.00,0.45,0.00,0.00
2017-06-30 01:24:53 UTC,334880,225.00,0.00,0.45,0.00,0.00
2017-06-30 01:25:59 UTC,334881,180.00,0.00,0.45,0.00,0.00
2017-06-30 01:27:04 UTC,334882,135.00,0.00,0.45,0.00,0.00
2017-06-30 01:28:09 UTC,334883,180.00,0.00,0.45,0.00,0.00
2017-06-30 01:29:14 UTC,334884,180.00,0.45,0.89,0.00,0.00
2017-06-30 01:31:25 UTC,334885,225.00,0.00,0.89,0.00,0.00
2017-06-30 01:32:30 UTC,334886,90.00,0.00,0.89,0.00,0.00
2017-06-30 01:33:36 UTC,334887,135.00,0.00,0.89,0.00,0.00
2017-06-30 01:34:41 UTC,334888,135.00,0.00,0.89,0.00,0.00
2017-06-30 01:35:46 UTC,334889,45.00,0.00,0.89,0.00,0.00
2017-06-30 01:36:51 UTC,334890,180.00,0.00,0.89,0.00,0.00
2017-06-30 01:37:57 UTC,334891,135.00,0.00,0.45,0.00,0.00
2017-06-30 01:39:02 UTC,334892,225.00,0.00,0.45,0.00,0.00
2017-06-30 01:40:08 UTC,334893,180.00,0.00,0.45,0.00,0.00
2017-06-30 01:41:13 UTC,334894,135.00,0.00,0.45,0.00,0.00
2017-06-30 01:42:18 UTC,334895,180.00,0.00,0.45,0.00,0.00
2017-06-30 01:43:23 UTC,334896,180.00,0.00,0.45,0.00,0.00
2017-06-30 01:44:28 UTC,334897,180.00,0.45,1.34,0.00,0.00
2017-06-30 01:45:34 UTC,334898,90.00,0.00,1.34,0.00,0.00
2017-06-30 01:46:39 UTC,334899,180.00,0.00,1.34,0.00,0.00
2017-06-30 01:47:44 UTC,334900,225.00,0.00,1.34,0.00,0.00
2017-06-30 01:48:49 UTC,334901,45.00,0.00,1.34,0.00,0.00
2017-06-30 01:49:55 UTC,334902,45.00,0.00,1.34,0.00,0.00
2017-06-30 01:51:00 UTC,334903,180.00,0.00,0.00,0.00,0.00
2017-06-30 01:52:05 UTC,334904,90.00,0.00,0.45,0.00,0.00
2017-06-30 01:53:11 UTC,334905,180.00,0.00,0.45,0.00,0.00
2017-06-30 01:54:16 UTC,334906,0.00,0.00,0.45,0.00,0.00
2017-06-30 01:55:21 UTC,334907,45.00,0.00,0.45,0.00,0.00
2017-06-30 01:56:27 UTC,334908,225.00,0.00,0.45,0.00,0.00
2017-06-30 01:57:32 UTC,334909,135.00,0.00,0.45,0.00,0.00
2017-06-30 01:58:37 UTC,334910,45.00,0.00,0.45,0.00,0.00
2017-06-30 01:59:42 UTC,334911,90.00,0.00,0.45,0.00,0.00
2017-06-30 02:00:47 UTC,334912,45.00,0.00,0.45,0.00,0.00
2017-06-30 02:01:53 UTC,334913,315.00,0.00,0.45,0.00,0.00
2017-06-30 02:02:58 UTC,334914,135.00,0.00,0.45,0.00,0.00
2017-06-30 02:04:03 UTC,334915,90.00,0.00,0.45,0.00,0.00
2017-06-30 02:05:09 UTC,334916,315.00,0.00,0.45,0.00,0.00
2017-06-30 02:06:14 UTC,334917,90.00,0.00,0.45,0.00,0.00
2017-06-30 02:07:19 UTC,334918,180.00,0.00,0.45,0.00,0.00
2017-06-30 02:08:24 UTC,334919,45.00,0.00,0.45,0.00,0.00
2017-06-30 02:09:30 UTC,334920,135.00,0.00,0.45,0.00,0.00
2017-06-30 02:10:35 UTC,334921,45.00,0.00,0.45,0.00,0.00
2017-06-30 02:11:40 UTC,334922,0.00,0.00,0.45,0.00,0.00
2017-06-30 02:12:46 UTC,334923,0.00,0.00,0.45,0.00,0.00
2017-06-30 02:13:51 UTC,334924,0.00,0.00,0.45,0.00,0.00
2017-06-30 02:14:56 UTC,334925,0.00,0.00,0.45,0.00,0.00
2017-06-30 02:16:01 UTC,334926,45.00,0.00,0.45,0.00,0.00
2017-06-30 02:17:07 UTC,334927,180.00,0.00,0.45,0.00,0.00
2017-06-30 02:18:12 UTC,334928,90.00,0.00,0.45,0.00,0.00
2017-06-30 02:19:17 UTC,334929,135.00,0.00,0.45,0.00,0.00
2017-06-30 02:20:22 UTC,334930,0.00,0.00,0.45,0.00,0.00
2017-06-30 02:21:28 UTC,334931,45.00,0.00,0.45,0.00,0.00
2017-06-30 02:23:38 UTC,334932,45.00,0.00,0.45,0.00,0.00
2017-06-30 02:24:44 UTC,334933,135.00,0.00,0.45,0.00,0.00
2017-06-30 02:25:49 UTC,334934,0.00,0.00,0.45,0.00,0.00
2017-06-30 02:26:54 UTC,334935,45.00,0.00,0.45,0.00,0.00
2017-06-30 02:27:59 UTC,334936,90.00,0.00,0.45,0.00,0.00
2017-06-30 02:29:05 UTC,334937,0.00,0.00,0.45,0.00,0.00
2017-06-30 02:30:10 UTC,334938,90.00,0.00,0.45,0.00,0.00
2017-06-30 02:31:15 UTC,334939,90.00,0.00,0.45,0.00,0.00
2017-06-30 02:32:21 UTC,334940,90.00,0.00,0.45,0.00,0.00
2017-06-30 02:33:26 UTC,334941,45.00,0.00,0.45,0.00,0.00
2017-06-30 02:34:31 UTC,334942,135.00,0.00,0.45,0.00,0.00
2017-06-30 02:35:36 UTC,334943,180.00,0.00,0.45,0.00,0.00
2017-06-30 02:36:42 UTC,334944,90.00,0.00,0.45,0.00,0.00
2017-06-30 02:37:47 UTC,334945,135.00,0.00,0.45,0.00,0.00
2017-06-30 02:38:52 UTC,334946,90.00,0.00,0.45,0.00,0.00
2017-06-30 02:39:58 UTC,334947,180.00,0.00,0.45,0.00,0.00
2017-06-30 02:41:03 UTC,334948,90.00,0.00,0.45,0.00,0.00
2017-06-30 02:42:10 UTC,334949,90.00,0.00,0.45,0.00,0.00
2017-06-30 02:43:14 UTC,334950,45.00,0.00,0.45,0.00,0.00
2017-06-30 02:44:19 UTC,334951,45.00,0.00,0.45,0.00,0.00
2017-06-30 02:45:30 UTC,334952,45.00,0.00,0.45,0.00,0.00
2017-06-30 02:46:29 UTC,334953,90.00,0.00,0.45,0.00,0.00
2017-06-30 02:47:35 UTC,334954,45.00,0.00,0.45,0.00,0.00
2017-06-30 02:48:40 UTC,334955,90.00,0.00,0.45,0.00,0.00
2017-06-30 02:49:45 UTC,334956,45.00,0.00,0.45,0.00,0.00
2017-06-30 02:50:50 UTC,334957,45.00,0.00,0.45,0.00,0.00
2017-06-30 02:51:56 UTC,334958,90.00,0.00,0.45,0.00,0.00
2017-06-30 02:53:01 UTC,334959,90.00,0.00,0.45,0.00,0.00
2017-06-30 02:55:11 UTC,334960,0.00,0.00,0.00,0.00,0.00
2017-06-30 02:56:17 UTC,334961,315.00,0.00,0.45,0.00,0.00
2017-06-30 02:57:22 UTC,334962,90.00,0.00,0.45,0.00,0.00
2017-06-30 02:58:27 UTC,334963,45.00,0.00,0.45,0.00,0.00
2017-06-30 02:59:33 UTC,334964,135.00,0.00,0.45,0.00,0.00
2017-06-30 03:00:38 UTC,334965,180.00,0.00,0.45,0.00,0.00
2017-06-30 03:01:43 UTC,334966,90.00,0.00,0.45,0.00,0.00
2017-06-30 03:02:48 UTC,334967,45.00,0.00,0.45,0.00,0.00
2017-06-30 03:03:54 UTC,334968,0.00,0.00,0.45,0.00,0.00
2017-06-30 03:04:59 UTC,334969,90.00,0.00,1.34,0.00,0.00
2017-06-30 03:06:04 UTC,334970,90.00,0.00,1.34,0.00,0.00
2017-06-30 03:07:14 UTC,334971,90.00,0.00,1.34,0.00,0.00
2017-06-30 03:08:15 UTC,334972,0.00,0.00,1.34,0.00,0.00
2017-06-30 03:09:20 UTC,334973,45.00,0.00,1.34,0.00,0.00
2017-06-30 03:10:26 UTC,334974,45.00,0.00,1.34,0.00,0.00
2017-06-30 03:11:31 UTC,334975,90.00,0.00,0.89,0.00,0.00
2017-06-30 03:12:36 UTC,334976,0.00,0.00,0.89,0.00,0.00
2017-06-30 03:13:41 UTC,334977,90.00,0.00,0.89,0.00,0.00
2017-06-30 03:15:52 UTC,334978,45.00,0.00,0.89,0.00,0.00
2017-06-30 03:16:57 UTC,334979,0.00,0.00,0.89,0.00,0.00
2017-06-30 03:18:02 UTC,334980,90.00,0.00,0.89,0.00,0.00
2017-06-30 03:19:08 UTC,334981,45.00,0.00,0.89,0.00,0.00
2017-06-30 03:20:13 UTC,334982,45.00,0.00,0.89,0.00,0.00
2017-06-30 03:21:18 UTC,334983,0.00,0.00,0.89,0.00,0.00
2017-06-30 03:22:23 UTC,334984,315.00,0.00,1.34,0.00,0.00
2017-06-30 03:23:34 UTC,334985,90.00,0.45,1.34,0.00,0.00
2017-06-30 03:24:34 UTC,334986,0.00,0.00,1.34,0.00,0.00
2017-06-30 03:25:42 UTC,334987,90.00,0.00,1.34,0.00,0.00
2017-06-30 03:26:45 UTC,334988,45.00,0.00,1.34,0.00,0.00
2017-06-30 03:27:50 UTC,334989,0.00,0.00,1.34,0.00,0.00
2017-06-30 03:28:55 UTC,334990,90.00,0.00,0.89,0.00,0.00
2017-06-30 03:30:00 UTC,334991,270.00,0.00,0.89,0.00,0.00
2017-06-30 03:31:06 UTC,334992,45.00,0.45,0.89,0.00,0.00
2017-06-30 03:32:11 UTC,334993,0.00,0.45,1.34,0.00,0.00
2017-06-30 03:33:16 UTC,334994,0.00,0.00,1.34,0.00,0.00
2017-06-30 03:34:21 UTC,334995,90.00,0.00,1.34,0.00,0.00
2017-06-30 03:35:27 UTC,334996,0.00,0.45,1.34,0.00,0.00
2017-06-30 03:36:32 UTC,334997,45.00,0.45,1.34,0.00,0.00
2017-06-30 03:37:37 UTC,334998,45.00,0.00,1.34,0.00,0.00
2017-06-30 03:38:43 UTC,334999,315.00,0.00,1.34,0.00,0.00
2017-06-30 03:39:48 UTC,335000,135.00,0.00,1.34,0.00,0.00
2017-06-30 03:40:53 UTC,335001,45.00,0.00,1.34,0.00,0.00
2017-06-30 03:41:58 UTC,335002,45.00,0.00,0.89,0.00,0.00
2017-06-30 03:43:04 UTC,335003,90.00,0.00,0.89,0.00,0.00
2017-06-30 03:44:09 UTC,335004,45.00,0.45,0.89,0.00,0.00
2017-06-30 03:45:14 UTC,335005,0.00,0.45,1.34,0.00,0.00
2017-06-30 03:46:19 UTC,335006,45.00,0.45,1.34,0.00,0.00
2017-06-30 03:47:25 UTC,335007,0.00,0.45,1.34,0.00,0.00
2017-06-30 03:48:30 UTC,335008,45.00,0.00,1.34,0.00,0.00
2017-06-30 03:49:35 UTC,335009,0.00,0.00,1.34,0.00,0.00
2017-06-30 03:50:41 UTC,335010,45.00,0.45,1.34,0.00,0.00
2017-06-30 03:51:46 UTC,335011,45.00,0.89,1.79,0.00,0.00
2017-06-30 03:52:51 UTC,335012,315.00,0.45,1.79,0.00,0.00
2017-06-30 03:53:56 UTC,335013,180.00,0.00,1.79,0.00,0.00
2017-06-30 03:55:02 UTC,335014,135.00,0.00,1.79,0.00,0.00
2017-06-30 03:56:07 UTC,335015,90.00,0.00,1.79,0.00,0.00
2017-06-30 03:57:12 UTC,335016,90.00,0.00,1.34,0.00,0.00
2017-06-30 03:58:17 UTC,335017,225.00,0.00,1.34,0.00,0.00
2017-06-30 03:59:23 UTC,335018,0.00,0.00,0.89,0.00,0.00
2017-06-30 04:00:28 UTC,335019,45.00,0.00,0.89,0.00,0.00
2017-06-30 04:01:33 UTC,335020,45.00,0.00,0.89,0.00,0.00
2017-06-30 04:02:39 UTC,335021,315.00,0.89,1.34,0.00,0.00
2017-06-30 04:03:44 UTC,335022,0.00,0.89,1.34,0.00,0.00
2017-06-30 04:04:49 UTC,335023,135.00,0.45,1.34,0.00,0.00
2017-06-30 04:05:55 UTC,335024,135.00,0.00,1.34,0.00,0.00
2017-06-30 04:07:00 UTC,335025,0.00,0.00,1.34,0.00,0.00
2017-06-30 04:08:06 UTC,335026,0.00,0.89,1.34,0.00,0.00
2017-06-30 04:09:10 UTC,335027,45.00,0.89,1.34,0.00,0.00
2017-06-30 04:10:16 UTC,335028,0.00,0.89,1.34,0.00,0.00
2017-06-30 04:11:21 UTC,335029,135.00,0.89,1.34,0.00,0.00
2017-06-30 04:12:27 UTC,335030,0.00,0.45,1.34,0.00,0.00
2017-06-30 04:13:31 UTC,335031,90.00,0.45,1.34,0.00,0.00
2017-06-30 04:14:37 UTC,335032,45.00,0.45,1.34,0.00,0.00
2017-06-30 04:15:42 UTC,335033,0.00,0.89,1.34,0.00,0.00
2017-06-30 04:16:47 UTC,335034,90.00,0.89,1.34,0.00,0.00
2017-06-30 04:17:53 UTC,335035,90.00,0.45,1.34,0.00,0.00
2017-06-30 04:18:58 UTC,335036,90.00,0.00,1.34,0.00,0.00
2017-06-30 04:20:03 UTC,335037,315.00,0.00,1.34,0.00,0.00
2017-06-30 04:21:09 UTC,335038,90.00,0.45,1.34,0.00,0.00
2017-06-30 04:22:16 UTC,335039,0.00,0.00,1.34,0.00,0.00
2017-06-30 04:23:19 UTC,335040,90.00,0.00,1.34,0.00,0.00
2017-06-30 04:24:24 UTC,335041,315.00,0.45,1.34,0.00,0.00
2017-06-30 04:25:30 UTC,335042,0.00,0.45,1.34,0.00,0.00
2017-06-30 04:26:35 UTC,335043,0.00,0.89,1.34,0.00,0.00
2017-06-30 04:27:40 UTC,335044,0.00,0.45,1.34,0.00,0.00
2017-06-30 04:28:45 UTC,335045,0.00,0.45,1.34,0.00,0.00
2017-06-30 04:29:51 UTC,335046,0.00,0.45,1.34,0.00,0.00
2017-06-30 04:30:56 UTC,335047,90.00,0.00,1.34,0.00,0.00
2017-06-30 04:32:01 UTC,335048,0.00,0.00,1.34,0.00,0.00
2017-06-30 04:33:06 UTC,335049,45.00,0.00,1.34,0.00,0.00
2017-06-30 04:34:12 UTC,335050,45.00,0.45,1.34,0.00,0.00
2017-06-30 04:35:17 UTC,335051,45.00,0.00,1.34,0.00,0.00
2017-06-30 04:36:22 UTC,335052,0.00,0.00,0.89,0.00,0.00
2017-06-30 04:37:28 UTC,335053,45.00,0.00,0.89,0.00,0.00
2017-06-30 04:39:38 UTC,335054,90.00,0.00,1.34,0.00,0.00
2017-06-30 04:40:43 UTC,335055,90.00,0.00,1.34,0.00,0.00
2017-06-30 04:41:49 UTC,335056,0.00,0.00,1.34,0.00,0.00
2017-06-30 04:42:54 UTC,335057,90.00,0.00,1.34,0.00,0.00
2017-06-30 04:43:59 UTC,335058,0.00,0.00,1.34,0.00,0.00
2017-06-30 04:45:05 UTC,335059,45.00,0.00,0.89,0.00,0.00
2017-06-30 04:46:10 UTC,335060,90.00,0.00,0.89,0.00,0.00
2017-06-30 04:47:15 UTC,335061,315.00,0.00,0.89,0.00,0.00
2017-06-30 04:48:20 UTC,335062,45.00,0.00,0.89,0.00,0.00
2017-06-30 04:49:26 UTC,335063,45.00,0.00,0.89,0.00,0.00
2017-06-30 04:50:31 UTC,335064,45.00,0.00,0.89,0.00,0.00
2017-06-30 04:51:36 UTC,335065,0.00,0.45,0.89,0.00,0.00
2017-06-30 04:52:42 UTC,335066,0.00,0.00,0.89,0.00,0.00
2017-06-30 04:53:47 UTC,335067,90.00,0.00,0.89,0.00,0.00
2017-06-30 04:54:52 UTC,335068,180.00,0.00,0.89,0.00,0.00
2017-06-30 04:55:57 UTC,335069,45.00,0.00,0.89,0.00,0.00
2017-06-30 04:57:03 UTC,335070,0.00,0.00,0.89,0.00,0.00
2017-06-30 04:58:09 UTC,335071,45.00,0.00,0.89,0.00,0.00
2017-06-30 04:59:14 UTC,335072,0.00,0.00,0.89,0.00,0.00
2017-06-30 05:00:18 UTC,335073,45.00,0.00,0.45,0.00,0.00
2017-06-30 05:01:24 UTC,335074,45.00,0.00,0.45,0.00,0.00
2017-06-30 05:02:29 UTC,335075,45.00,0.00,0.45,0.00,0.00
2017-06-30 05:03:34 UTC,335076,0.00,0.45,1.34,0.00,0.00
2017-06-30 05:04:40 UTC,335077,0.00,0.00,1.34,0.00,0.00
2017-06-30 05:05:45 UTC,335078,45.00,0.00,1.34,0.00,0.00
2017-06-30 05:06:50 UTC,335079,0.00,0.00,1.34,0.00,0.00
2017-06-30 05:07:55 UTC,335080,45.00,0.00,1.34,0.00,0.00
2017-06-30 05:09:01 UTC,335081,90.00,0.00,1.34,0.00,0.00
2017-06-30 05:10:06 UTC,335082,90.00,0.00,0.89,0.00,0.00
2017-06-30 05:11:11 UTC,335083,90.00,0.00,0.89,0.00,0.00
2017-06-30 05:12:17 UTC,335084,45.00,0.00,0.89,0.00,0.00
2017-06-30 05:13:22 UTC,335085,45.00,0.00,0.89,0.00,0.00
2017-06-30 05:14:27 UTC,335086,135.00,0.00,0.89,0.00,0.00
2017-06-30 05:15:32 UTC,335087,135.00,0.00,0.89,0.00,0.00
2017-06-30 05:16:38 UTC,335088,90.00,0.00,0.89,0.00,0.00
2017-06-30 05:17:43 UTC,335089,90.00,0.00,0.89,0.00,0.00
2017-06-30 05:18:48 UTC,335090,225.00,0.00,0.89,0.00,0.00
2017-06-30 05:19:54 UTC,335091,135.00,0.00,0.89,0.00,0.00
2017-06-30 05:20:59 UTC,335092,135.00,0.00,0.89,0.00,0.00
2017-06-30 05:22:04 UTC,335093,45.00,0.00,0.89,0.00,0.00
2017-06-30 05:23:09 UTC,335094,45.00,0.00,0.45,0.00,0.00
2017-06-30 05:24:15 UTC,335095,180.00,0.00,1.34,0.00,0.00
2017-06-30 05:25:20 UTC,335096,45.00,0.00,1.34,0.00,0.00
2017-06-30 05:26:25 UTC,335097,45.00,0.00,1.34,0.00,0.00
2017-06-30 05:27:30 UTC,335098,45.00,0.00,1.34,0.00,0.00
2017-06-30 05:28:38 UTC,335099,90.00,0.00,1.34,0.00,0.00
2017-06-30 05:29:42 UTC,335100,180.00,0.00,1.34,0.00,0.00
2017-06-30 05:31:51 UTC,335101,45.00,0.00,0.45,0.00,0.00
2017-06-30 05:32:57 UTC,335102,90.00,0.00,0.45,0.00,0.00
2017-06-30 05:34:02 UTC,335103,45.00,0.45,1.34,0.00,0.00
2017-06-30 05:35:07 UTC,335104,45.00,0.00,1.34,0.00,0.00
2017-06-30 05:36:13 UTC,335105,0.00,0.00,1.34,0.00,0.00
2017-06-30 05:37:18 UTC,335106,45.00,0.00,1.34,0.00,0.00
2017-06-30 05:38:28 UTC,335107,135.00,0.00,1.34,0.00,0.00
2017-06-30 05:39:28 UTC,335108,0.00,0.00,0.89,0.00,0.00
2017-06-30 05:40:34 UTC,335109,45.00,0.00,0.89,0.00,0.00
2017-06-30 05:41:39 UTC,335110,0.00,0.00,0.89,0.00,0.00
2017-06-30 05:42:44 UTC,335111,45.00,0.00,0.45,0.00,0.00
2017-06-30 05:43:50 UTC,335112,0.00,0.00,0.45,0.00,0.00
2017-06-30 05:44:55 UTC,335113,45.00,0.00,0.45,0.00,0.00
2017-06-30 05:46:00 UTC,335114,45.00,0.00,0.45,0.00,0.00
2017-06-30 05:47:05 UTC,335115,90.00,0.00,0.89,0.00,0.00
2017-06-30 05:48:12 UTC,335116,45.00,0.00,0.89,0.00,0.00
2017-06-30 05:49:16 UTC,335117,0.00,0.00,0.89,0.00,0.00
2017-06-30 05:50:21 UTC,335118,0.00,0.00,0.89,0.00,0.00
2017-06-30 05:51:27 UTC,335119,45.00,0.00,0.89,0.00,0.00
2017-06-30 05:52:32 UTC,335120,45.00,0.00,0.45,0.00,0.00
2017-06-30 05:53:37 UTC,335121,0.00,0.45,1.34,0.00,0.00
2017-06-30 05:54:47 UTC,335122,0.00,0.45,1.34,0.00,0.00
2017-06-30 05:55:48 UTC,335123,0.00,0.00,1.34,0.00,0.00
2017-06-30 05:56:53 UTC,335124,45.00,0.00,1.34,0.00,0.00
2017-06-30 05:57:58 UTC,335125,315.00,0.00,1.34,0.00,0.00
2017-06-30 05:59:03 UTC,335126,0.00,0.00,1.34,0.00,0.00
2017-06-30 06:00:09 UTC,335127,0.00,0.45,1.34,0.00,0.00
2017-06-30 06:01:14 UTC,335128,0.00,0.00,1.34,0.00,0.00
2017-06-30 06:03:25 UTC,335129,0.00,0.89,1.34,0.00,0.00
2017-06-30 06:04:30 UTC,335130,270.00,0.89,1.34,0.00,0.00
2017-06-30 06:05:35 UTC,335131,0.00,0.45,1.34,0.00,0.00
2017-06-30 06:06:41 UTC,335132,45.00,0.45,1.34,0.00,0.00
2017-06-30 06:07:46 UTC,335133,0.00,0.45,1.34,0.00,0.00
2017-06-30 06:08:51 UTC,335134,0.00,0.89,1.79,0.00,0.00
2017-06-30 06:09:56 UTC,335135,45.00,0.89,1.79,0.00,0.00
2017-06-30 06:11:01 UTC,335136,45.00,0.89,1.79,0.00,0.00
2017-06-30 06:12:07 UTC,335137,0.00,1.34,1.79,0.00,0.00
2017-06-30 06:13:12 UTC,335138,135.00,0.89,1.79,0.00,0.00
2017-06-30 06:14:17 UTC,335139,0.00,0.89,1.79,0.00,0.00
2017-06-30 06:15:23 UTC,335140,45.00,0.89,1.79,0.00,0.00
2017-06-30 06:16:28 UTC,335141,0.00,0.45,1.79,0.00,0.00
2017-06-30 06:17:33 UTC,335142,45.00,0.45,1.79,0.00,0.00
2017-06-30 06:18:38 UTC,335143,0.00,0.89,1.79,0.00,0.00
2017-06-30 06:19:44 UTC,335144,45.00,0.45,1.79,0.00,0.00
2017-06-30 06:20:49 UTC,335145,0.00,0.00,1.34,0.00,0.00
2017-06-30 06:21:54 UTC,335146,0.00,0.45,1.34,0.00,0.00
2017-06-30 06:23:00 UTC,335147,45.00,0.89,1.34,0.00,0.00
2017-06-30 06:24:05 UTC,335148,0.00,0.89,1.34,0.00,0.00
2017-06-30 06:25:10 UTC,335149,0.00,0.00,1.34,0.00,0.00
2017-06-30 06:26:15 UTC,335150,45.00,0.00,1.34,0.00,0.00
2017-06-30 06:27:21 UTC,335151,45.00,0.45,1.34,0.00,0.00
2017-06-30 06:28:26 UTC,335152,0.00,0.00,1.34,0.00,0.00
2017-06-30 06:29:31 UTC,335153,0.00,0.45,0.89,0.00,0.00
2017-06-30 06:30:36 UTC,335154,45.00,0.45,1.34,0.00,0.00
2017-06-30 06:31:42 UTC,335155,0.00,0.45,1.34,0.00,0.00
2017-06-30 06:32:48 UTC,335156,45.00,0.89,1.79,0.00,0.00
2017-06-30 06:33:52 UTC,335157,0.00,0.45,1.79,0.00,0.00
2017-06-30 06:34:58 UTC,335158,315.00,0.45,1.79,0.00,0.00
2017-06-30 06:36:03 UTC,335159,45.00,0.89,1.79,0.00,0.00
2017-06-30 06:37:08 UTC,335160,0.00,0.45,1.79,0.00,0.00
2017-06-30 06:38:13 UTC,335161,0.00,0.45,1.79,0.00,0.00
2017-06-30 06:39:19 UTC,335162,0.00,0.45,1.34,0.00,0.00
2017-06-30 06:40:24 UTC,335163,0.00,0.45,1.34,0.00,0.00
2017-06-30 06:41:29 UTC,335164,0.00,0.45,1.34,0.00,0.00
2017-06-30 06:42:34 UTC,335165,0.00,0.45,1.34,0.00,0.00
2017-06-30 06:43:40 UTC,335166,315.00,0.45,1.34,0.00,0.00
2017-06-30 06:44:45 UTC,335167,0.00,0.45,1.34,0.00,0.00
2017-06-30 06:45:50 UTC,335168,0.00,0.00,1.34,0.00,0.00
2017-06-30 06:46:56 UTC,335169,45.00,0.45,1.34,0.00,0.00
2017-06-30 06:48:01 UTC,335170,45.00,0.45,0.89,0.00,0.00
2017-06-30 06:49:06 UTC,335171,0.00,0.00,0.89,0.00,0.00
2017-06-30 06:50:11 UTC,335172,45.00,0.45,1.34,0.00,0.00
2017-06-30 06:51:17 UTC,335173,315.00,0.45,1.34,0.00,0.00
2017-06-30 06:52:22 UTC,335174,0.00,0.45,1.34,0.00,0.00
2017-06-30 06:53:27 UTC,335175,45.00,0.00,1.34,0.00,0.00
2017-06-30 06:55:38 UTC,335176,0.00,0.45,1.34,0.00,0.00
2017-06-30 06:56:43 UTC,335177,45.00,0.89,1.34,0.00,0.00
2017-06-30 06:57:48 UTC,335178,0.00,0.89,1.34,0.00,0.00
2017-06-30 06:58:54 UTC,335179,0.00,0.45,1.34,0.00,0.00
2017-06-30 06:59:59 UTC,335180,0.00,0.45,1.34,0.00,0.00
2017-06-30 07:01:04 UTC,335181,0.00,0.45,1.34,0.00,0.00
2017-06-30 07:02:10 UTC,335182,0.00,0.45,1.34,0.00,0.00
2017-06-30 07:03:15 UTC,335183,315.00,0.00,1.34,0.00,0.00
2017-06-30 07:04:20 UTC,335184,45.00,0.45,1.34,0.00,0.00
2017-06-30 07:05:25 UTC,335185,0.00,0.45,1.34,0.00,0.00
2017-06-30 07:06:30 UTC,335186,45.00,0.00,1.34,0.00,0.00
2017-06-30 07:07:37 UTC,335187,45.00,0.45,1.34,0.00,0.00
2017-06-30 07:08:41 UTC,335188,0.00,0.45,1.34,0.00,0.00
2017-06-30 07:09:46 UTC,335189,45.00,0.00,1.34,0.00,0.00
2017-06-30 07:10:52 UTC,335190,270.00,0.00,1.34,0.00,0.00
2017-06-30 07:11:57 UTC,335191,0.00,0.00,1.34,0.00,0.00
2017-06-30 07:13:02 UTC,335192,225.00,0.45,1.34,0.00,0.00
2017-06-30 07:14:08 UTC,335193,0.00,0.00,0.89,0.00,0.00
2017-06-30 07:15:14 UTC,335194,0.00,0.00,0.89,0.00,0.00
2017-06-30 07:16:18 UTC,335195,0.00,0.00,0.89,0.00,0.00
2017-06-30 07:17:23 UTC,335196,0.00,0.00,0.89,0.00,0.00
2017-06-30 07:18:29 UTC,335197,45.00,0.00,0.89,0.00,0.00
2017-06-30 07:19:34 UTC,335198,135.00,0.00,0.89,0.00,0.00
2017-06-30 07:20:39 UTC,335199,315.00,0.00,0.89,0.00,0.00
2017-06-30 07:21:44 UTC,335200,0.00,0.00,0.89,0.00,0.00
2017-06-30 07:22:50 UTC,335201,225.00,0.00,0.89,0.00,0.00
2017-06-30 07:23:55 UTC,335202,135.00,0.00,0.89,0.00,0.00
2017-06-30 07:25:00 UTC,335203,0.00,0.00,0.89,0.00,0.00
2017-06-30 07:27:11 UTC,335204,45.00,0.00,0.45,0.00,0.00
2017-06-30 07:28:16 UTC,335205,315.00,0.00,0.45,0.00,0.00
2017-06-30 07:29:21 UTC,335206,270.00,0.00,0.45,0.00,0.00
2017-06-30 07:30:27 UTC,335207,315.00,0.00,0.45,0.00,0.00
2017-06-30 07:31:32 UTC,335208,315.00,0.00,0.45,0.00,0.00
2017-06-30 07:32:37 UTC,335209,270.00,0.00,0.45,0.00,0.00
2017-06-30 07:33:42 UTC,335210,270.00,0.00,0.45,0.00,0.00
2017-06-30 07:34:48 UTC,335211,315.00,0.00,0.45,0.00,0.00
2017-06-30 07:35:53 UTC,335212,225.00,0.00,0.45,0.00,0.00
2017-06-30 07:37:03 UTC,335213,225.00,0.00,0.45,0.00,0.00
2017-06-30 07:38:03 UTC,335214,90.00,0.00,0.45,0.00,0.00
2017-06-30 07:39:09 UTC,335215,0.00,0.00,0.45,0.00,0.00
2017-06-30 07:40:14 UTC,335216,315.00,0.00,0.45,0.00,0.00
2017-06-30 07:41:19 UTC,335217,270.00,0.00,0.45,0.00,0.00
2017-06-30 07:42:26 UTC,335218,225.00,0.00,0.45,0.00,0.00
2017-06-30 07:43:30 UTC,335219,180.00,0.45,0.89,0.00,0.00
2017-06-30 07:44:35 UTC,335220,270.00,0.45,0.89,0.00,0.00
2017-06-30 07:45:40 UTC,335221,225.00,0.00,0.89,0.00,0.00
2017-06-30 07:46:46 UTC,335222,225.00,0.00,0.89,0.00,0.00
2017-06-30 07:47:51 UTC,335223,270.00,0.45,1.34,0.00,0.00
2017-06-30 07:48:56 UTC,335224,270.00,0.00,1.34,0.00,0.00
2017-06-30 07:50:01 UTC,335225,270.00,0.00,1.34,0.00,0.00
2017-06-30 07:51:07 UTC,335226,270.00,0.00,1.34,0.00,0.00
2017-06-30 07:52:12 UTC,335227,225.00,0.00,1.34,0.00,0.00
2017-06-30 07:53:17 UTC,335228,315.00,0.00,0.89,0.00,0.00
2017-06-30 07:54:22 UTC,335229,315.00,0.00,0.45,0.00,0.00
2017-06-30 07:55:28 UTC,335230,180.00,0.00,0.45,0.00,0.00
2017-06-30 07:56:33 UTC,335231,225.00,0.00,0.45,0.00,0.00
2017-06-30 07:57:38 UTC,335232,270.00,0.00,0.45,0.00,0.00
2017-06-30 07:58:44 UTC,335233,225.00,0.00,0.45,0.00,0.00
2017-06-30 07:59:49 UTC,335234,225.00,0.00,0.45,0.00,0.00
2017-06-30 08:00:59 UTC,335235,0.00,0.00,0.45,0.00,0.00
2017-06-30 08:02:00 UTC,335236,45.00,0.00,0.89,0.00,0.00
2017-06-30 08:03:05 UTC,335237,0.00,0.00,0.89,0.00,0.00
2017-06-30 08:04:10 UTC,335238,225.00,0.00,0.89,0.00,0.00
2017-06-30 08:05:15 UTC,335239,270.00,0.00,0.89,0.00,0.00
2017-06-30 08:06:21 UTC,335240,0.00,0.00,0.89,0.00,0.00
2017-06-30 08:07:27 UTC,335241,0.00,0.00,0.89,0.00,0.00
2017-06-30 08:08:31 UTC,335242,225.00,0.00,0.45,0.00,0.00
2017-06-30 08:09:36 UTC,335243,225.00,0.00,0.89,0.00,0.00
2017-06-30 08:10:42 UTC,335244,225.00,0.45,0.89,0.00,0.00
2017-06-30 08:11:47 UTC,335245,225.00,0.00,0.89,0.00,0.00
2017-06-30 08:12:52 UTC,335246,270.00,0.00,0.89,0.00,0.00
2017-06-30 08:13:57 UTC,335247,270.00,0.00,0.89,0.00,0.00
2017-06-30 08:15:03 UTC,335248,225.00,0.00,0.89,0.00,0.00
2017-06-30 08:16:09 UTC,335249,225.00,0.00,0.45,0.00,0.00
2017-06-30 08:17:13 UTC,335250,225.00,0.00,0.45,0.00,0.00
2017-06-30 08:18:19 UTC,335251,225.00,0.00,0.45,0.00,0.00
2017-06-30 08:19:24 UTC,335252,225.00,0.00,0.45,0.00,0.00
2017-06-30 08:20:29 UTC,335253,270.00,0.00,0.45,0.00,0.00
2017-06-30 08:21:34 UTC,335254,270.00,0.00,0.45,0.00,0.00
2017-06-30 08:22:40 UTC,335255,270.00,0.00,0.45,0.00,0.00
2017-06-30 08:23:45 UTC,335256,270.00,0.00,0.45,0.00,0.00
2017-06-30 08:24:50 UTC,335257,270.00,0.00,0.45,0.00,0.00
2017-06-30 08:25:55 UTC,335258,225.00,0.00,0.45,0.00,0.00
2017-06-30 08:27:01 UTC,335259,270.00,0.00,0.45,0.00,0.00
2017-06-30 08:28:06 UTC,335260,270.00,0.00,0.45,0.00,0.00
2017-06-30 08:29:16 UTC,335261,225.00,0.00,0.00,0.00,0.00
2017-06-30 08:30:17 UTC,335262,270.00,0.00,0.45,0.00,0.00
2017-06-30 08:31:22 UTC,335263,225.00,0.00,0.45,0.00,0.00
2017-06-30 08:32:27 UTC,335264,225.00,0.00,0.45,0.00,0.00
2017-06-30 08:33:32 UTC,335265,270.00,0.00,0.45,0.00,0.00
2017-06-30 08:34:38 UTC,335266,225.00,0.00,0.45,0.00,0.00
2017-06-30 08:35:43 UTC,335267,225.00,0.00,0.45,0.00,0.00
2017-06-30 08:36:48 UTC,335268,225.00,0.00,0.00,0.00,0.00
2017-06-30 08:37:53 UTC,335269,270.00,0.00,0.00,0.00,0.00
2017-06-30 08:40:06 UTC,335270,225.00,0.00,0.45,0.00,0.00
2017-06-30 08:41:09 UTC,335271,225.00,0.00,0.45,0.00,0.00
2017-06-30 08:42:15 UTC,335272,225.00,0.00,0.45,0.00,0.00
2017-06-30 08:43:20 UTC,335273,225.00,0.00,0.45,0.00,0.00
2017-06-30 08:44:25 UTC,335274,225.00,0.00,0.45,0.00,0.00
2017-06-30 08:45:31 UTC,335275,225.00,0.00,0.00,0.00,0.00
2017-06-30 08:46:36 UTC,335276,225.00,0.00,0.00,0.00,0.00
2017-06-30 08:47:41 UTC,335277,225.00,0.00,0.45,0.00,0.00
2017-06-30 08:48:46 UTC,335278,270.00,0.00,0.45,0.00,0.00
2017-06-30 08:49:52 UTC,335279,270.00,0.00,0.45,0.00,0.00
2017-06-30 08:50:57 UTC,335280,270.00,0.00,0.45,0.00,0.00
2017-06-30 08:52:02 UTC,335281,270.00,0.00,0.45,0.00,0.00
2017-06-30 08:53:08 UTC,335282,270.00,0.00,0.45,0.00,0.00
2017-06-30 08:54:12 UTC,335283,225.00,0.00,0.45,0.00,0.00
2017-06-30 08:55:18 UTC,335284,225.00,0.00,0.45,0.00,0.00
2017-06-30 08:56:23 UTC,335285,315.00,0.00,0.45,0.00,0.00
2017-06-30 08:57:28 UTC,335286,270.00,0.00,0.45,0.00,0.00
2017-06-30 08:58:34 UTC,335287,270.00,0.00,0.45,0.00,0.00
2017-06-30 08:59:39 UTC,335288,225.00,0.00,0.45,0.00,0.00
2017-06-30 09:00:44 UTC,335289,225.00,0.00,0.45,0.00,0.00
2017-06-30 09:01:50 UTC,335290,270.00,0.00,0.45,0.00,0.00
2017-06-30 09:02:55 UTC,335291,270.00,0.00,0.45,0.00,0.00
2017-06-30 09:04:00 UTC,335292,225.00,0.00,0.45,0.00,0.00
2017-06-30 09:05:05 UTC,335293,270.00,0.00,0.45,0.00,0.00
2017-06-30 09:06:11 UTC,335294,225.00,0.00,0.45,0.00,0.00
2017-06-30 09:07:16 UTC,335295,225.00,0.00,0.45,0.00,0.00
2017-06-30 09:08:21 UTC,335296,225.00,0.00,0.45,0.00,0.00
2017-06-30 09:09:26 UTC,335297,225.00,0.00,0.00,0.00,0.00
2017-06-30 09:10:32 UTC,335298,270.00,0.00,0.00,0.00,0.00
2017-06-30 09:11:37 UTC,335299,270.00,0.00,0.00,0.00,0.00
2017-06-30 09:12:42 UTC,335300,225.00,0.00,0.00,0.00,0.00
2017-06-30 09:13:47 UTC,335301,270.00,0.00,0.00,0.00,0.00
2017-06-30 09:14:53 UTC,335302,270.00,0.00,0.00,0.00,0.00
2017-06-30 09:15:58 UTC,335303,270.00,0.00,0.00,0.00,0.00
2017-06-30 09:18:09 UTC,335304,225.00,0.00,0.00,0.00,0.00
2017-06-30 09:19:14 UTC,335305,225.00,0.00,0.00,0.00,0.00
2017-06-30 09:20:19 UTC,335306,270.00,0.00,0.45,0.00,0.00
2017-06-30 09:21:26 UTC,335307,270.00,0.00,0.45,0.00,0.00
2017-06-30 09:22:34 UTC,335308,225.00,0.00,0.45,0.00,0.00
2017-06-30 09:23:35 UTC,335309,225.00,0.00,0.45,0.00,0.00
2017-06-30 09:24:41 UTC,335310,225.00,0.00,0.45,0.00,0.00
2017-06-30 09:25:46 UTC,335311,270.00,0.00,0.45,0.00,0.00
2017-06-30 09:26:51 UTC,335312,225.00,0.00,0.45,0.00,0.00
2017-06-30 09:27:56 UTC,335313,225.00,0.00,0.45,0.00,0.00
2017-06-30 09:29:02 UTC,335314,225.00,0.00,0.45,0.00,0.00
2017-06-30 09:30:07 UTC,335315,270.00,0.00,0.45,0.00,0.00
2017-06-30 09:32:18 UTC,335316,270.00,0.00,0.45,0.00,0.00
2017-06-30 09:33:22 UTC,335317,225.00,0.00,0.45,0.00,0.00
2017-06-30 09:34:28 UTC,335318,270.00,0.00,0.45,0.00,0.00
2017-06-30 09:35:33 UTC,335319,315.00,0.00,0.45,0.00,0.00
2017-06-30 09:36:38 UTC,335320,225.00,0.00,0.45,0.00,0.00
2017-06-30 09:37:44 UTC,335321,225.00,0.00,0.45,0.00,0.00
2017-06-30 09:38:49 UTC,335322,270.00,0.00,0.45,0.00,0.00
2017-06-30 09:39:54 UTC,335323,225.00,0.00,0.45,0.00,0.00
2017-06-30 09:41:01 UTC,335324,225.00,0.00,0.45,0.00,0.00
2017-06-30 09:42:05 UTC,335325,225.00,0.00,0.45,0.00,0.00
2017-06-30 09:43:10 UTC,335326,270.00,0.00,0.45,0.00,0.00
2017-06-30 09:44:15 UTC,335327,270.00,0.00,0.45,0.00,0.00
2017-06-30 09:45:21 UTC,335328,225.00,0.00,0.45,0.00,0.00
2017-06-30 09:46:26 UTC,335329,225.00,0.00,0.45,0.00,0.00
2017-06-30 09:47:31 UTC,335330,225.00,0.00,0.45,0.00,0.00
2017-06-30 09:48:37 UTC,335331,270.00,0.00,0.45,0.00,0.00
2017-06-30 09:49:42 UTC,335332,270.00,0.00,0.45,0.00,0.00
2017-06-30 09:50:47 UTC,335333,270.00,0.00,0.45,0.00,0.00
2017-06-30 09:51:53 UTC,335334,180.00,0.00,0.45,0.00,0.00
2017-06-30 09:52:57 UTC,335335,270.00,0.00,0.45,0.00,0.00
2017-06-30 09:54:03 UTC,335336,270.00,0.00,0.45,0.00,0.00
2017-06-30 09:55:09 UTC,335337,225.00,0.00,0.45,0.00,0.00
2017-06-30 09:56:14 UTC,335338,270.00,0.00,0.45,0.00,0.00
2017-06-30 09:57:18 UTC,335339,315.00,0.00,0.45,0.00,0.00
2017-06-30 09:58:24 UTC,335340,270.00,0.00,0.45,0.00,0.00
2017-06-30 09:59:29 UTC,335341,225.00,0.00,0.45,0.00,0.00
2017-06-30 10:00:34 UTC,335342,225.00,0.00,0.45,0.00,0.00
2017-06-30 10:01:40 UTC,335343,225.00,0.00,0.45,0.00,0.00
2017-06-30 10:02:45 UTC,335344,270.00,0.00,0.89,0.00,0.00
2017-06-30 10:03:50 UTC,335345,225.00,0.00,0.89,0.00,0.00
2017-06-30 10:04:55 UTC,335346,270.00,0.00,0.89,0.00,0.00
2017-06-30 10:06:01 UTC,335347,225.00,0.00,0.89,0.00,0.00
2017-06-30 10:07:06 UTC,335348,270.00,0.00,0.89,0.00,0.00
2017-06-30 10:08:11 UTC,335349,270.00,0.00,0.89,0.00,0.00
2017-06-30 10:09:18 UTC,335350,270.00,0.00,0.45,0.00,0.00
2017-06-30 10:10:24 UTC,335351,225.00,0.00,0.45,0.00,0.00
2017-06-30 10:11:27 UTC,335352,225.00,0.00,0.45,0.00,0.00
2017-06-30 10:12:33 UTC,335353,225.00,0.00,0.45,0.00,0.00
2017-06-30 10:13:38 UTC,335354,270.00,0.00,0.45,0.00,0.00
2017-06-30 10:14:43 UTC,335355,270.00,0.00,0.45,0.00,0.00
2017-06-30 10:15:48 UTC,335356,225.00,0.00,0.45,0.00,0.00
2017-06-30 10:16:53 UTC,335357,225.00,0.00,0.45,0.00,0.00
2017-06-30 10:17:59 UTC,335358,270.00,0.00,0.45,0.00,0.00
2017-06-30 10:19:04 UTC,335359,270.00,0.00,0.45,0.00,0.00
2017-06-30 10:20:10 UTC,335360,225.00,0.00,0.45,0.00,0.00
2017-06-30 10:21:16 UTC,335361,225.00,0.00,0.45,0.00,0.00
2017-06-30 10:22:20 UTC,335362,225.00,0.00,0.45,0.00,0.00
2017-06-30 10:24:30 UTC,335363,270.00,0.00,0.45,0.00,0.00
2017-06-30 10:25:36 UTC,335364,225.00,0.00,0.45,0.00,0.00
2017-06-30 10:26:41 UTC,335365,225.00,0.00,0.45,0.00,0.00
2017-06-30 10:27:46 UTC,335366,270.00,0.00,0.45,0.00,0.00
2017-06-30 10:28:52 UTC,335367,270.00,0.00,0.45,0.00,0.00
2017-06-30 10:29:57 UTC,335368,270.00,0.00,0.45,0.00,0.00
2017-06-30 10:31:02 UTC,335369,270.00,0.00,0.45,0.00,0.00
2017-06-30 10:32:09 UTC,335370,225.00,0.00,0.45,0.00,0.00
2017-06-30 10:33:13 UTC,335371,270.00,0.00,0.45,0.00,0.00
2017-06-30 10:34:18 UTC,335372,225.00,0.00,0.45,0.00,0.00
2017-06-30 10:35:24 UTC,335373,225.00,0.00,0.00,0.00,0.00
2017-06-30 10:36:29 UTC,335374,270.00,0.00,0.45,0.00,0.00
2017-06-30 10:37:34 UTC,335375,270.00,0.00,0.45,0.00,0.00
2017-06-30 10:38:40 UTC,335376,270.00,0.00,0.45,0.00,0.00
2017-06-30 10:39:45 UTC,335377,225.00,0.00,0.45,0.00,0.00
2017-06-30 10:41:55 UTC,335378,270.00,0.00,0.45,0.00,0.00
2017-06-30 10:43:00 UTC,335379,225.00,0.00,0.45,0.00,0.00
2017-06-30 10:44:06 UTC,335380,270.00,0.00,0.45,0.00,0.00
2017-06-30 10:45:11 UTC,335381,225.00,0.00,0.45,0.00,0.00
2017-06-30 10:46:16 UTC,335382,225.00,0.00,0.45,0.00,0.00
2017-06-30 10:47:21 UTC,335383,225.00,0.00,0.45,0.00,0.00
2017-06-30 10:48:27 UTC,335384,225.00,0.00,0.45,0.00,0.00
2017-06-30 10:49:32 UTC,335385,270.00,0.00,0.45,0.00,0.00
2017-06-30 10:50:38 UTC,335386,270.00,0.00,0.45,0.00,0.00
2017-06-30 10:51:42 UTC,335387,225.00,0.00,0.45,0.00,0.00
2017-06-30 10:52:48 UTC,335388,270.00,0.00,0.45,0.00,0.00
2017-06-30 10:53:53 UTC,335389,225.00,0.00,0.45,0.00,0.00
2017-06-30 10:54:59 UTC,335390,180.00,0.00,0.45,0.00,0.00
2017-06-30 10:56:04 UTC,335391,225.00,0.00,0.45,0.00,0.00
2017-06-30 10:57:09 UTC,335392,315.00,0.00,0.45,0.00,0.00
2017-06-30 10:58:14 UTC,335393,225.00,0.00,0.89,0.00,0.00
2017-06-30 10:59:20 UTC,335394,270.00,0.45,0.89,0.00,0.00
2017-06-30 11:00:25 UTC,335395,270.00,0.00,0.89,0.00,0.00
2017-06-30 11:01:30 UTC,335396,225.00,0.45,0.89,0.00,0.00
2017-06-30 11:02:36 UTC,335397,270.00,0.45,1.34,0.00,0.00
2017-06-30 11:03:41 UTC,335398,315.00,0.45,1.34,0.00,0.00
2017-06-30 11:04:46 UTC,335399,225.00,0.45,1.34,0.00,0.00
2017-06-30 11:05:51 UTC,335400,270.00,0.45,1.34,0.00,0.00
2017-06-30 11:06:58 UTC,335401,225.00,0.45,1.34,0.00,0.00
2017-06-30 11:08:03 UTC,335402,270.00,0.45,1.34,0.00,0.00
2017-06-30 11:09:08 UTC,335403,225.00,0.45,1.34,0.00,0.00
2017-06-30 11:10:13 UTC,335404,180.00,0.45,1.34,0.00,0.00
2017-06-30 11:11:18 UTC,335405,270.00,0.45,1.34,0.00,0.00
2017-06-30 11:12:23 UTC,335406,270.00,0.45,1.34,0.00,0.00
2017-06-30 11:13:28 UTC,335407,315.00,0.45,1.34,0.00,0.00
2017-06-30 11:14:33 UTC,335408,225.00,0.00,1.34,0.00,0.00
2017-06-30 11:15:39 UTC,335409,225.00,0.45,1.34,0.00,0.00
2017-06-30 11:16:44 UTC,335410,270.00,0.45,1.34,0.00,0.00
2017-06-30 11:18:55 UTC,335411,315.00,0.00,1.34,0.00,0.00
2017-06-30 11:20:00 UTC,335412,315.00,0.00,1.34,0.00,0.00
2017-06-30 11:21:05 UTC,335413,270.00,0.00,1.34,0.00,0.00
2017-06-30 11:22:10 UTC,335414,225.00,0.00,1.34,0.00,0.00
2017-06-30 11:23:16 UTC,335415,225.00,0.00,0.45,0.00,0.00
2017-06-30 11:24:21 UTC,335416,225.00,0.00,0.45,0.00,0.00
2017-06-30 11:25:26 UTC,335417,270.00,0.00,0.45,0.00,0.00
2017-06-30 11:26:32 UTC,335418,270.00,0.00,0.45,0.00,0.00
2017-06-30 11:27:37 UTC,335419,225.00,0.00,0.45,0.00,0.00
2017-06-30 11:28:42 UTC,335420,225.00,0.00,0.45,0.00,0.00
2017-06-30 11:29:47 UTC,335421,270.00,0.00,0.45,0.00,0.00
2017-06-30 11:30:54 UTC,335422,135.00,0.00,0.45,0.00,0.00
2017-06-30 11:33:04 UTC,335423,225.00,0.00,0.45,0.00,0.00
2017-06-30 11:34:09 UTC,335424,225.00,0.00,0.45,0.00,0.00
2017-06-30 11:35:19 UTC,335425,225.00,0.00,0.45,0.00,0.00
2017-06-30 11:36:19 UTC,335426,270.00,0.00,0.45,0.00,0.00
2017-06-30 11:37:24 UTC,335427,225.00,0.00,0.45,0.00,0.00
2017-06-30 11:38:30 UTC,335428,225.00,0.00,0.45,0.00,0.00
2017-06-30 11:39:35 UTC,335429,225.00,0.00,0.45,0.00,0.00
2017-06-30 11:40:41 UTC,335430,270.00,0.00,0.00,0.00,0.00
2017-06-30 11:41:46 UTC,335431,270.00,0.00,0.00,0.00,0.00
2017-06-30 11:42:51 UTC,335432,225.00,0.00,0.00,0.00,0.00
2017-06-30 11:43:56 UTC,335433,225.00,0.00,0.00,0.00,0.00
2017-06-30 11:45:01 UTC,335434,225.00,0.00,0.00,0.00,0.00
2017-06-30 11:46:07 UTC,335435,225.00,0.00,0.00,0.00,0.00
2017-06-30 11:47:12 UTC,335436,225.00,0.00,0.00,0.00,0.00
2017-06-30 11:48:17 UTC,335437,180.00,0.00,0.00,0.00,0.00
2017-06-30 11:49:23 UTC,335438,225.00,0.00,0.00,0.00,0.00
2017-06-30 11:50:28 UTC,335439,225.00,0.00,0.00,0.00,0.00
2017-06-30 11:51:33 UTC,335440,270.00,0.00,0.00,0.00,0.00
2017-06-30 11:52:38 UTC,335441,180.00,0.00,0.00,0.00,0.00
2017-06-30 11:53:44 UTC,335442,225.00,0.00,0.00,0.00,0.00
2017-06-30 11:54:50 UTC,335443,270.00,0.00,0.00,0.00,0.00
2017-06-30 11:55:54 UTC,335444,225.00,0.00,0.00,0.00,0.00
2017-06-30 11:57:00 UTC,335445,225.00,0.00,0.00,0.00,0.00
2017-06-30 11:58:05 UTC,335446,225.00,0.00,0.00,0.00,0.00
2017-06-30 11:59:11 UTC,335447,270.00,0.00,0.00,0.00,0.00
2017-06-30 12:00:15 UTC,335448,270.00,0.00,0.00,0.00,0.00
2017-06-30 12:01:21 UTC,335449,225.00,0.00,0.00,0.00,0.00
2017-06-30 12:02:26 UTC,335450,270.00,0.00,0.00,0.00,0.00
2017-06-30 12:03:31 UTC,335451,270.00,0.00,0.00,0.00,0.00
2017-06-30 12:04:37 UTC,335452,270.00,0.00,0.00,0.00,0.00
2017-06-30 12:05:43 UTC,335453,225.00,0.00,0.00,0.00,0.00
2017-06-30 12:06:47 UTC,335454,270.00,0.00,0.45,0.00,0.00
2017-06-30 12:07:52 UTC,335455,270.00,0.00,0.45,0.00,0.00
2017-06-30 12:08:58 UTC,335456,315.00,0.00,0.45,0.00,0.00
2017-06-30 12:10:03 UTC,335457,270.00,0.00,0.45,0.00,0.00
2017-06-30 12:11:10 UTC,335458,270.00,0.00,0.45,0.00,0.00
2017-06-30 12:12:14 UTC,335459,270.00,0.00,0.45,0.00,0.00
2017-06-30 12:13:19 UTC,335460,270.00,0.00,0.45,0.00,0.00
2017-06-30 12:14:24 UTC,335461,225.00,0.00,0.00,0.00,0.00
2017-06-30 12:15:29 UTC,335462,270.00,0.00,0.00,0.00,0.00
2017-06-30 12:16:35 UTC,335463,270.00,0.00,0.00,0.00,0.00
2017-06-30 12:17:41 UTC,335464,315.00,0.00,0.00,0.00,0.00
2017-06-30 12:18:45 UTC,335465,225.00,0.00,0.00,0.00,0.00
2017-06-30 12:19:51 UTC,335466,225.00,0.00,0.00,0.00,0.00
2017-06-30 12:20:56 UTC,335467,225.00,0.00,0.00,0.00,0.00
2017-06-30 12:22:02 UTC,335468,225.00,0.00,0.00,0.00,0.00
2017-06-30 12:23:09 UTC,335469,225.00,0.00,0.00,0.00,0.00
2017-06-30 12:24:12 UTC,335470,270.00,0.00,0.00,0.00,0.00
2017-06-30 12:25:18 UTC,335471,225.00,0.00,0.00,0.00,0.00
2017-06-30 12:26:22 UTC,335472,270.00,0.00,0.00,0.00,0.00
2017-06-30 12:27:27 UTC,335473,315.00,0.00,0.45,0.00,0.00
2017-06-30 12:28:33 UTC,335474,225.00,0.00,0.45,0.00,0.00
2017-06-30 12:29:39 UTC,335475,225.00,0.00,0.45,0.00,0.00
2017-06-30 12:30:43 UTC,335476,270.00,0.00,0.45,0.00,0.00
2017-06-30 12:31:49 UTC,335477,225.00,0.00,0.45,0.00,0.00
2017-06-30 12:32:54 UTC,335478,270.00,0.00,0.45,0.00,0.00
2017-06-30 12:34:01 UTC,335479,270.00,0.00,0.00,0.00,0.00
2017-06-30 12:35:05 UTC,335480,270.00,0.00,0.00,0.00,0.00
2017-06-30 12:36:10 UTC,335481,225.00,0.00,0.00,0.00,0.00
2017-06-30 12:37:16 UTC,335482,270.00,0.00,0.00,0.00,0.00
2017-06-30 12:38:20 UTC,335483,270.00,0.00,0.45,0.00,0.00
2017-06-30 12:39:25 UTC,335484,270.00,0.00,0.45,0.00,0.00
2017-06-30 12:40:31 UTC,335485,270.00,0.00,0.45,0.00,0.00
2017-06-30 12:41:36 UTC,335486,270.00,0.00,0.45,0.00,0.00
2017-06-30 12:42:41 UTC,335487,270.00,0.00,0.45,0.00,0.00
2017-06-30 12:43:47 UTC,335488,315.00,0.00,0.45,0.00,0.00
2017-06-30 12:44:52 UTC,335489,270.00,0.00,0.00,0.00,0.00
2017-06-30 12:45:57 UTC,335490,270.00,0.00,0.45,0.00,0.00
2017-06-30 12:47:03 UTC,335491,225.00,0.00,0.45,0.00,0.00
2017-06-30 12:48:08 UTC,335492,225.00,0.00,0.45,0.00,0.00
2017-06-30 12:49:13 UTC,335493,270.00,0.00,0.45,0.00,0.00
2017-06-30 12:50:19 UTC,335494,270.00,0.00,0.45,0.00,0.00
2017-06-30 12:51:24 UTC,335495,315.00,0.00,0.45,0.00,0.00
2017-06-30 12:52:29 UTC,335496,225.00,0.00,0.00,0.00,0.00
2017-06-30 12:53:35 UTC,335497,270.00,0.00,0.00,0.00,0.00
2017-06-30 12:54:40 UTC,335498,270.00,0.00,0.00,0.00,0.00
2017-06-30 12:55:45 UTC,335499,270.00,0.00,0.00,0.00,0.00
2017-06-30 12:57:55 UTC,335500,225.00,0.00,0.00,0.00,0.00
2017-06-30 12:59:01 UTC,335501,270.00,0.00,0.00,0.00,0.00
2017-06-30 13:00:07 UTC,335502,225.00,0.00,0.00,0.00,0.00
2017-06-30 13:01:11 UTC,335503,270.00,0.00,0.00,0.00,0.00
2017-06-30 13:02:17 UTC,335504,270.00,0.00,0.00,0.00,0.00
2017-06-30 13:03:22 UTC,335505,270.00,0.00,0.00,0.00,0.00
2017-06-30 13:04:27 UTC,335506,270.00,0.00,0.00,0.00,0.00
2017-06-30 13:05:33 UTC,335507,270.00,0.00,0.00,0.00,0.00
2017-06-30 13:07:44 UTC,335508,180.00,0.00,0.00,0.00,0.00
2017-06-30 13:08:48 UTC,335509,180.00,0.00,0.00,0.00,0.00
2017-06-30 13:09:53 UTC,335510,180.00,0.00,0.00,0.00,0.00
2017-06-30 13:11:00 UTC,335511,180.00,0.00,0.00,0.00,0.00
2017-06-30 13:12:04 UTC,335512,180.00,0.00,0.00,0.00,0.00
2017-06-30 13:13:09 UTC,335513,180.00,0.00,0.00,0.00,0.00
2017-06-30 13:14:15 UTC,335514,180.00,0.00,0.45,0.00,0.00
2017-06-30 13:15:20 UTC,335515,180.00,0.00,0.45,0.00,0.00
2017-06-30 13:16:25 UTC,335516,180.00,0.00,0.45,0.00,0.00
2017-06-30 13:17:31 UTC,335517,315.00,0.00,0.45,0.00,0.00
2017-06-30 13:18:36 UTC,335518,315.00,0.00,0.45,0.00,0.00
2017-06-30 13:19:41 UTC,335519,225.00,0.00,0.45,0.00,0.00
2017-06-30 13:20:47 UTC,335520,270.00,0.00,0.00,0.00,0.00
2017-06-30 13:21:52 UTC,335521,225.00,0.00,0.00,0.00,0.00
2017-06-30 13:22:57 UTC,335522,270.00,0.00,0.00,0.00,0.00
2017-06-30 13:24:02 UTC,335523,270.00,0.00,0.00,0.00,0.00
2017-06-30 13:25:08 UTC,335524,270.00,0.00,0.00,0.00,0.00
2017-06-30 13:26:13 UTC,335525,270.00,0.00,0.00,0.00,0.00
2017-06-30 13:27:18 UTC,335526,270.00,0.00,0.00,0.00,0.00
2017-06-30 13:28:23 UTC,335527,225.00,0.00,0.00,0.00,0.00
2017-06-30 13:29:30 UTC,335528,225.00,0.00,0.00,0.00,0.00
2017-06-30 13:31:39 UTC,335529,225.00,0.00,0.00,0.00,0.00
2017-06-30 13:33:50 UTC,335530,225.00,0.00,0.45,0.00,0.00
2017-06-30 13:34:55 UTC,335531,225.00,0.00,0.45,0.00,0.00
2017-06-30 13:36:00 UTC,335532,270.00,0.00,0.45,0.00,0.00
2017-06-30 13:37:06 UTC,335533,225.00,0.00,0.45,0.00,0.00
2017-06-30 13:38:11 UTC,335534,225.00,0.00,0.45,0.00,0.00
2017-06-30 13:39:16 UTC,335535,270.00,0.00,0.00,0.00,0.00
2017-06-30 13:40:21 UTC,335536,270.00,0.00,0.00,0.00,0.00
2017-06-30 13:41:27 UTC,335537,225.00,0.00,0.00,0.00,0.00
2017-06-30 13:42:32 UTC,335538,225.00,0.00,0.00,0.00,0.00
2017-06-30 13:43:37 UTC,335539,225.00,0.00,0.00,0.00,0.00
2017-06-30 13:44:43 UTC,335540,270.00,0.00,0.00,0.00,0.00
2017-06-30 13:45:48 UTC,335541,270.00,0.00,0.00,0.00,0.00
2017-06-30 13:46:53 UTC,335542,270.00,0.00,0.45,0.00,0.00
2017-06-30 13:47:58 UTC,335543,270.00,0.00,0.45,0.00,0.00
2017-06-30 13:49:04 UTC,335544,270.00,0.00,0.45,0.00,0.00
2017-06-30 13:50:10 UTC,335545,180.00,0.00,0.45,0.00,0.00
2017-06-30 13:51:15 UTC,335546,225.00,0.00,0.45,0.00,0.00
2017-06-30 13:52:20 UTC,335547,270.00,0.00,0.45,0.00,0.00
2017-06-30 13:53:26 UTC,335548,180.00,0.00,0.45,0.00,0.00
2017-06-30 13:54:30 UTC,335549,270.00,0.00,0.45,0.00,0.00
2017-06-30 13:55:35 UTC,335550,225.00,0.00,0.45,0.00,0.00
2017-06-30 13:56:41 UTC,335551,225.00,0.00,0.45,0.00,0.00
2017-06-30 13:57:46 UTC,335552,225.00,0.00,0.45,0.00,0.00
2017-06-30 13:58:51 UTC,335553,225.00,0.00,0.45,0.00,0.00
2017-06-30 13:59:57 UTC,335554,270.00,0.00,0.45,0.00,0.00
2017-06-30 14:01:02 UTC,335555,225.00,0.00,0.45,0.00,0.00
2017-06-30 14:02:08 UTC,335556,225.00,0.00,0.45,0.00,0.00
2017-06-30 14:03:12 UTC,335557,270.00,0.00,0.45,0.00,0.00
2017-06-30 14:05:23 UTC,335558,270.00,0.00,0.45,0.00,0.00
2017-06-30 14:06:28 UTC,335559,180.00,0.00,0.45,0.00,0.00
2017-06-30 14:07:34 UTC,335560,225.00,0.00,0.45,0.00,0.00
2017-06-30 14:08:39 UTC,335561,270.00,0.00,0.45,0.00,0.00
2017-06-30 14:09:44 UTC,335562,225.00,0.00,0.45,0.00,0.00
2017-06-30 14:10:50 UTC,335563,315.00,0.00,0.45,0.00,0.00
2017-06-30 14:11:55 UTC,335564,315.00,0.00,0.45,0.00,0.00
2017-06-30 14:13:00 UTC,335565,225.00,0.00,0.45,0.00,0.00
2017-06-30 14:14:05 UTC,335566,225.00,0.00,0.45,0.00,0.00
2017-06-30 14:15:10 UTC,335567,225.00,0.00,0.45,0.00,0.00
2017-06-30 14:17:21 UTC,335568,225.00,0.00,0.00,0.00,0.00
2017-06-30 14:18:26 UTC,335569,270.00,0.00,0.00,0.00,0.00
2017-06-30 14:19:32 UTC,335570,270.00,0.00,0.00,0.00,0.00
2017-06-30 14:20:37 UTC,335571,270.00,0.00,0.00,0.00,0.00
2017-06-30 14:21:42 UTC,335572,270.00,0.00,0.00,0.00,0.00
2017-06-30 14:22:48 UTC,335573,225.00,0.00,0.00,0.00,0.00
2017-06-30 14:23:54 UTC,335574,225.00,0.00,0.00,0.00,0.00
2017-06-30 14:24:59 UTC,335575,225.00,0.00,0.00,0.00,0.00
2017-06-30 14:26:09 UTC,335576,225.00,0.00,0.00,0.00,0.00
2017-06-30 14:27:09 UTC,335577,225.00,0.00,0.00,0.00,0.00
2017-06-30 14:29:19 UTC,335578,225.00,0.00,0.00,0.00,0.00
2017-06-30 14:30:24 UTC,335579,225.00,0.00,0.00,0.00,0.00
2017-06-30 14:31:30 UTC,335580,270.00,0.00,0.00,0.00,0.00
2017-06-30 14:32:35 UTC,335581,270.00,0.00,0.00,0.00,0.00
2017-06-30 14:33:40 UTC,335582,225.00,0.00,0.00,0.00,0.00
2017-06-30 14:34:46 UTC,335583,225.00,0.00,0.00,0.00,0.00
2017-06-30 14:36:56 UTC,335584,225.00,0.00,0.00,0.00,0.00
2017-06-30 14:38:03 UTC,335585,225.00,0.00,0.00,0.00,0.00
2017-06-30 14:40:12 UTC,335586,270.00,0.00,0.45,0.00,0.00
2017-06-30 14:42:23 UTC,335587,270.00,0.00,0.45,0.00,0.00
2017-06-30 14:43:28 UTC,335588,225.00,0.00,0.45,0.00,0.00
2017-06-30 14:44:33 UTC,335589,270.00,0.00,0.45,0.00,0.00
2017-06-30 14:45:38 UTC,335590,225.00,0.00,0.45,0.00,0.00
2017-06-30 14:46:44 UTC,335591,180.00,0.00,0.45,0.00,0.00
2017-06-30 14:47:49 UTC,335592,270.00,0.00,0.89,0.00,0.00
2017-06-30 14:48:54 UTC,335593,225.00,0.45,0.89,0.00,0.00
2017-06-30 14:49:59 UTC,335594,270.00,0.00,0.89,0.00,0.00
2017-06-30 14:51:05 UTC,335595,225.00,0.00,0.89,0.00,0.00
2017-06-30 14:52:10 UTC,335596,225.00,0.00,0.89,0.00,0.00
2017-06-30 14:53:15 UTC,335597,270.00,0.00,0.89,0.00,0.00
2017-06-30 14:54:21 UTC,335598,225.00,0.00,0.89,0.00,0.00
2017-06-30 14:55:26 UTC,335599,225.00,0.00,0.89,0.00,0.00
2017-06-30 14:56:32 UTC,335600,270.00,0.00,0.89,0.00,0.00
2017-06-30 14:57:37 UTC,335601,225.00,0.00,0.89,0.00,0.00
2017-06-30 14:58:42 UTC,335602,225.00,0.00,0.45,0.00,0.00
2017-06-30 14:59:47 UTC,335603,225.00,0.00,0.45,0.00,0.00
2017-06-30 15:00:52 UTC,335604,225.00,0.00,0.45,0.00,0.00
2017-06-30 15:01:58 UTC,335605,270.00,0.00,0.45,0.00,0.00
2017-06-30 15:03:04 UTC,335606,180.00,0.00,0.89,0.00,0.00
2017-06-30 15:04:09 UTC,335607,270.00,0.00,0.89,0.00,0.00
2017-06-30 15:05:13 UTC,335608,180.00,0.00,0.89,0.00,0.00
2017-06-30 15:06:19 UTC,335609,225.00,0.00,0.89,0.00,0.00
2017-06-30 15:07:24 UTC,335610,225.00,0.00,0.89,0.00,0.00
2017-06-30 15:08:29 UTC,335611,270.00,0.00,0.45,0.00,0.00
2017-06-30 15:09:35 UTC,335612,225.00,0.00,0.45,0.00,0.00
2017-06-30 15:10:40 UTC,335613,270.00,0.00,0.45,0.00,0.00
2017-06-30 15:11:45 UTC,335614,315.00,0.00,0.00,0.00,0.00
2017-06-30 15:12:50 UTC,335615,225.00,0.00,0.00,0.00,0.00
2017-06-30 15:15:01 UTC,335616,270.00,0.00,0.45,0.00,0.00
2017-06-30 15:16:06 UTC,335617,225.00,0.00,0.45,0.00,0.00
2017-06-30 15:17:12 UTC,335618,225.00,0.00,0.45,0.00,0.00
2017-06-30 15:18:18 UTC,335619,225.00,0.00,0.45,0.00,0.00
2017-06-30 15:19:22 UTC,335620,270.00,0.00,0.45,0.00,0.00
2017-06-30 15:20:27 UTC,335621,225.00,0.00,0.45,0.00,0.00
2017-06-30 15:21:33 UTC,335622,225.00,0.00,0.00,0.00,0.00
2017-06-30 15:22:38 UTC,335623,270.00,0.00,0.00,0.00,0.00
2017-06-30 15:23:43 UTC,335624,225.00,0.00,0.00,0.00,0.00
2017-06-30 15:25:54 UTC,335625,225.00,0.00,0.00,0.00,0.00
2017-06-30 15:26:59 UTC,335626,270.00,0.00,0.00,0.00,0.00
2017-06-30 15:28:05 UTC,335627,225.00,0.00,0.00,0.00,0.00
2017-06-30 15:29:10 UTC,335628,180.00,0.00,0.00,0.00,0.00
2017-06-30 15:30:15 UTC,335629,225.00,0.00,0.00,0.00,0.00
2017-06-30 15:31:21 UTC,335630,270.00,0.00,0.00,0.00,0.00
2017-06-30 15:32:26 UTC,335631,270.00,0.00,0.00,0.00,0.00
2017-06-30 15:33:31 UTC,335632,225.00,0.00,0.00,0.00,0.00
2017-06-30 15:34:36 UTC,335633,270.00,0.00,0.00,0.00,0.00
2017-06-30 15:35:41 UTC,335634,270.00,0.00,0.00,0.00,0.00
2017-06-30 15:36:47 UTC,335635,225.00,0.00,0.00,0.00,0.00
2017-06-30 15:37:52 UTC,335636,225.00,0.00,0.00,0.00,0.00
2017-06-30 15:38:57 UTC,335637,270.00,0.00,0.00,0.00,0.00
2017-06-30 15:40:04 UTC,335638,225.00,0.00,0.00,0.00,0.00
2017-06-30 15:41:08 UTC,335639,225.00,0.00,0.45,0.00,0.00
2017-06-30 15:43:18 UTC,335640,225.00,0.00,0.45,0.00,0.00
2017-06-30 15:44:24 UTC,335641,225.00,0.00,0.45,0.00,0.00
2017-06-30 15:45:29 UTC,335642,225.00,0.00,0.45,0.00,0.00
2017-06-30 15:46:34 UTC,335643,225.00,0.00,0.00,0.00,0.00
2017-06-30 15:47:39 UTC,335644,225.00,0.00,0.00,0.00,0.00
2017-06-30 15:49:50 UTC,335645,270.00,0.00,0.00,0.00,0.00
2017-06-30 15:50:55 UTC,335646,225.00,0.00,0.00,0.00,0.00
2017-06-30 15:52:01 UTC,335647,225.00,0.00,0.00,0.00,0.00
2017-06-30 15:53:06 UTC,335648,225.00,0.00,0.00,0.00,0.00
2017-06-30 15:54:11 UTC,335649,225.00,0.00,0.00,0.00,0.00
2017-06-30 15:55:16 UTC,335650,225.00,0.00,0.00,0.00,0.00
2017-06-30 15:56:22 UTC,335651,225.00,0.00,0.00,0.00,0.00
2017-06-30 15:57:27 UTC,335652,315.00,0.00,0.00,0.00,0.00
2017-06-30 15:58:32 UTC,335653,225.00,0.00,0.00,0.00,0.00
2017-06-30 15:59:38 UTC,335654,270.00,0.00,0.00,0.00,0.00
2017-06-30 16:00:43 UTC,335655,270.00,0.00,0.00,0.00,0.00
2017-06-30 16:01:48 UTC,335656,180.00,0.00,0.00,0.00,0.00
2017-06-30 16:02:54 UTC,335657,225.00,0.00,0.00,0.00,0.00
2017-06-30 16:03:59 UTC,335658,225.00,0.00,0.00,0.00,0.00
2017-06-30 16:05:05 UTC,335659,225.00,0.00,0.00,0.00,0.00
2017-06-30 16:06:10 UTC,335660,225.00,0.00,0.00,0.00,0.00
2017-06-30 16:07:15 UTC,335661,225.00,0.00,0.00,0.00,0.00
2017-06-30 16:08:20 UTC,335662,225.00,0.00,0.00,0.00,0.00
2017-06-30 16:09:26 UTC,335663,225.00,0.00,0.00,0.00,0.00
2017-06-30 16:10:30 UTC,335664,225.00,0.00,0.00,0.00,0.00
2017-06-30 16:11:36 UTC,335665,225.00,0.00,0.00,0.00,0.00
2017-06-30 16:12:41 UTC,335666,225.00,0.00,0.00,0.00,0.00
2017-06-30 16:13:47 UTC,335667,270.00,0.00,0.00,0.00,0.00
2017-06-30 16:14:52 UTC,335668,225.00,0.00,0.00,0.00,0.00
2017-06-30 16:15:57 UTC,335669,225.00,0.00,0.00,0.00,0.00
2017-06-30 16:17:04 UTC,335670,315.00,0.00,0.45,0.00,0.00
2017-06-30 16:18:08 UTC,335671,225.00,0.00,0.45,0.00,0.00
2017-06-30 16:19:13 UTC,335672,225.00,0.00,0.45,0.00,0.00
2017-06-30 16:21:23 UTC,335673,225.00,0.00,0.45,0.00,0.00
2017-06-30 16:22:28 UTC,335674,225.00,0.00,0.00,0.00,0.00
2017-06-30 16:23:34 UTC,335675,270.00,0.00,0.00,0.00,0.00
2017-06-30 16:24:39 UTC,335676,315.00,0.00,0.00,0.00,0.00
2017-06-30 16:25:44 UTC,335677,225.00,0.00,0.00,0.00,0.00
2017-06-30 16:26:50 UTC,335678,225.00,0.00,0.00,0.00,0.00
2017-06-30 16:27:55 UTC,335679,270.00,0.00,0.00,0.00,0.00
2017-06-30 16:29:00 UTC,335680,270.00,0.00,0.00,0.00,0.00
2017-06-30 16:30:07 UTC,335681,225.00,0.00,0.00,0.00,0.00
2017-06-30 16:31:11 UTC,335682,270.00,0.00,0.00,0.00,0.00
2017-06-30 16:32:16 UTC,335683,270.00,0.00,0.00,0.00,0.00
2017-06-30 16:33:21 UTC,335684,225.00,0.00,0.00,0.00,0.00
2017-06-30 16:34:28 UTC,335685,270.00,0.00,0.00,0.00,0.00
2017-06-30 16:35:32 UTC,335686,225.00,0.00,0.00,0.00,0.00
2017-06-30 16:36:37 UTC,335687,225.00,0.00,0.00,0.00,0.00
2017-06-30 16:37:43 UTC,335688,225.00,0.00,0.00,0.00,0.00
2017-06-30 16:38:48 UTC,335689,225.00,0.00,0.00,0.00,0.00
2017-06-30 16:39:53 UTC,335690,270.00,0.00,0.00,0.00,0.00
2017-06-30 16:40:59 UTC,335691,225.00,0.00,0.00,0.00,0.00
2017-06-30 16:42:04 UTC,335692,270.00,0.00,0.45,0.00,0.00
2017-06-30 16:43:09 UTC,335693,225.00,0.00,0.45,0.00,0.00
2017-06-30 16:44:16 UTC,335694,225.00,0.00,0.45,0.00,0.00
2017-06-30 16:45:21 UTC,335695,225.00,0.00,0.45,0.00,0.00
2017-06-30 16:46:25 UTC,335696,315.00,0.00,0.45,0.00,0.00
2017-06-30 16:47:30 UTC,335697,225.00,0.00,0.45,0.00,0.00
2017-06-30 16:48:35 UTC,335698,225.00,0.00,0.00,0.00,0.00
2017-06-30 16:49:41 UTC,335699,225.00,0.00,0.00,0.00,0.00
2017-06-30 16:50:46 UTC,335700,270.00,0.00,0.00,0.00,0.00
2017-06-30 16:52:56 UTC,335701,270.00,0.00,0.00,0.00,0.00
2017-06-30 16:54:02 UTC,335702,225.00,0.00,0.00,0.00,0.00
2017-06-30 16:55:08 UTC,335703,225.00,0.00,0.00,0.00,0.00
2017-06-30 16:56:12 UTC,335704,225.00,0.00,0.00,0.00,0.00
2017-06-30 16:57:19 UTC,335705,225.00,0.00,0.00,0.00,0.00
2017-06-30 16:59:28 UTC,335706,225.00,0.00,0.00,0.00,0.00
2017-06-30 17:00:33 UTC,335707,225.00,0.00,0.00,0.00,0.00
2017-06-30 17:01:39 UTC,335708,270.00,0.00,0.45,0.00,0.00
2017-06-30 17:02:45 UTC,335709,225.00,0.00,0.45,0.00,0.00
2017-06-30 17:03:49 UTC,335710,225.00,0.00,0.45,0.00,0.00
2017-06-30 17:04:55 UTC,335711,270.00,0.00,0.45,0.00,0.00
2017-06-30 17:06:01 UTC,335712,270.00,0.00,0.45,0.00,0.00
2017-06-30 17:07:06 UTC,335713,225.00,0.00,0.45,0.00,0.00
2017-06-30 17:08:10 UTC,335714,270.00,0.00,0.45,0.00,0.00
2017-06-30 17:09:16 UTC,335715,270.00,0.00,0.45,0.00,0.00
2017-06-30 17:10:21 UTC,335716,270.00,0.00,0.45,0.00,0.00
2017-06-30 17:11:26 UTC,335717,225.00,0.00,0.45,0.00,0.00
2017-06-30 17:13:37 UTC,335718,270.00,0.00,0.45,0.00,0.00
2017-06-30 17:14:42 UTC,335719,225.00,0.00,0.45,0.00,0.00
2017-06-30 17:15:47 UTC,335720,225.00,0.00,0.00,0.00,0.00
2017-06-30 17:16:53 UTC,335721,225.00,0.00,0.00,0.00,0.00
2017-06-30 17:17:58 UTC,335722,225.00,0.00,0.00,0.00,0.00
2017-06-30 17:19:03 UTC,335723,270.00,0.00,0.00,0.00,0.00
2017-06-30 17:20:09 UTC,335724,270.00,0.00,0.00,0.00,0.00
2017-06-30 17:21:14 UTC,335725,225.00,0.00,0.00,0.00,0.00
2017-06-30 17:22:19 UTC,335726,225.00,0.00,0.00,0.00,0.00
2017-06-30 17:23:24 UTC,335727,225.00,0.00,0.00,0.00,0.00
2017-06-30 17:24:30 UTC,335728,225.00,0.00,0.00,0.00,0.00
2017-06-30 17:25:37 UTC,335729,180.00,0.00,0.00,0.00,0.00
2017-06-30 17:27:47 UTC,335730,225.00,0.00,0.00,0.00,0.00
2017-06-30 17:28:51 UTC,335731,270.00,0.00,0.00,0.00,0.00
2017-06-30 17:29:56 UTC,335732,225.00,0.00,0.00,0.00,0.00
2017-06-30 17:31:02 UTC,335733,225.00,0.00,0.00,0.00,0.00
2017-06-30 17:32:07 UTC,335734,225.00,0.00,0.00,0.00,0.00
2017-06-30 17:33:14 UTC,335735,270.00,0.00,0.00,0.00,0.00
2017-06-30 17:34:17 UTC,335736,225.00,0.00,0.00,0.00,0.00
2017-06-30 17:35:23 UTC,335737,225.00,0.00,0.00,0.00,0.00
2017-06-30 17:36:28 UTC,335738,225.00,0.00,0.00,0.00,0.00
2017-06-30 17:37:33 UTC,335739,225.00,0.00,0.00,0.00,0.00
2017-06-30 17:38:38 UTC,335740,270.00,0.00,0.00,0.00,0.00
2017-06-30 17:39:43 UTC,335741,270.00,0.00,0.00,0.00,0.00
2017-06-30 17:40:49 UTC,335742,270.00,0.00,0.00,0.00,0.00
2017-06-30 17:41:54 UTC,335743,225.00,0.00,0.00,0.00,0.00
2017-06-30 17:43:00 UTC,335744,315.00,0.00,0.00,0.00,0.00
2017-06-30 17:44:05 UTC,335745,225.00,0.00,0.00,0.00,0.00
2017-06-30 17:45:10 UTC,335746,270.00,0.00,0.00,0.00,0.00
2017-06-30 17:46:15 UTC,335747,225.00,0.00,0.00,0.00,0.00
2017-06-30 17:47:21 UTC,335748,225.00,0.00,0.00,0.00,0.00
2017-06-30 17:48:27 UTC,335749,225.00,0.00,0.00,0.00,0.00
2017-06-30 17:49:31 UTC,335750,225.00,0.00,0.00,0.00,0.00
2017-06-30 17:50:36 UTC,335751,225.00,0.00,0.00,0.00,0.00
2017-06-30 17:51:42 UTC,335752,270.00,0.00,0.00,0.00,0.00
2017-06-30 17:52:47 UTC,335753,225.00,0.00,0.00,0.00,0.00
2017-06-30 17:53:52 UTC,335754,225.00,0.00,0.00,0.00,0.00
2017-06-30 17:54:57 UTC,335755,225.00,0.00,0.00,0.00,0.00
2017-06-30 17:57:09 UTC,335756,225.00,0.00,0.00,0.00,0.00
2017-06-30 17:58:13 UTC,335757,225.00,0.00,0.00,0.00,0.00
2017-06-30 17:59:19 UTC,335758,225.00,0.00,0.00,0.00,0.00
2017-06-30 18:00:24 UTC,335759,225.00,0.00,0.00,0.00,0.00
2017-06-30 18:01:29 UTC,335760,270.00,0.00,0.00,0.00,0.00
2017-06-30 18:02:35 UTC,335761,270.00,0.00,0.00,0.00,0.00
2017-06-30 18:03:40 UTC,335762,225.00,0.00,0.00,0.00,0.00
2017-06-30 18:04:45 UTC,335763,225.00,0.00,0.00,0.00,0.00
2017-06-30 18:05:50 UTC,335764,270.00,0.00,0.00,0.00,0.00
2017-06-30 18:06:56 UTC,335765,225.00,0.00,0.00,0.00,0.00
2017-06-30 18:08:01 UTC,335766,225.00,0.00,0.00,0.00,0.00
2017-06-30 18:09:06 UTC,335767,225.00,0.00,0.00,0.00,0.00
2017-06-30 18:10:12 UTC,335768,225.00,0.00,0.00,0.00,0.00
2017-06-30 18:11:17 UTC,335769,225.00,0.00,0.00,0.00,0.00
2017-06-30 18:12:22 UTC,335770,270.00,0.00,0.00,0.00,0.00
2017-06-30 18:13:27 UTC,335771,225.00,0.00,0.00,0.00,0.00
2017-06-30 18:14:32 UTC,335772,225.00,0.00,0.00,0.00,0.00
2017-06-30 18:17:49 UTC,335773,225.00,0.00,0.00,0.00,0.00
2017-06-30 18:18:54 UTC,335774,225.00,0.00,0.00,0.00,0.00
2017-06-30 18:19:59 UTC,335775,270.00,0.00,0.00,0.00,0.00
2017-06-30 18:21:04 UTC,335776,270.00,0.00,0.00,0.00,0.00
2017-06-30 18:22:10 UTC,335777,270.00,0.00,0.00,0.00,0.00
2017-06-30 18:23:15 UTC,335778,225.00,0.00,0.00,0.00,0.00
2017-06-30 18:24:20 UTC,335779,270.00,0.00,0.00,0.00,0.00
2017-06-30 18:25:29 UTC,335780,270.00,0.00,0.00,0.00,0.00
2017-06-30 18:26:31 UTC,335781,270.00,0.00,0.00,0.00,0.00
2017-06-30 18:27:37 UTC,335782,270.00,0.00,0.00,0.00,0.00
2017-06-30 18:28:42 UTC,335783,225.00,0.00,0.00,0.00,0.00
2017-06-30 18:29:47 UTC,335784,225.00,0.00,0.00,0.00,0.00
2017-06-30 18:30:52 UTC,335785,270.00,0.00,0.00,0.00,0.00
2017-06-30 18:31:59 UTC,335786,225.00,0.00,0.00,0.00,0.00
2017-06-30 18:33:02 UTC,335787,225.00,0.00,0.00,0.00,0.00
2017-06-30 18:34:08 UTC,335788,225.00,0.00,0.00,0.00,0.00
2017-06-30 18:35:15 UTC,335789,270.00,0.00,0.00,0.00,0.00
2017-06-30 18:36:19 UTC,335790,270.00,0.00,0.00,0.00,0.00
2017-06-30 18:37:23 UTC,335791,225.00,0.00,0.45,0.00,0.00
2017-06-30 18:38:30 UTC,335792,225.00,0.00,0.45,0.00,0.00
2017-06-30 18:39:34 UTC,335793,270.00,0.00,0.45,0.00,0.00
2017-06-30 18:40:39 UTC,335794,225.00,0.00,0.45,0.00,0.00
2017-06-30 18:41:45 UTC,335795,270.00,0.00,0.45,0.00,0.00
2017-06-30 18:42:50 UTC,335796,225.00,0.00,0.00,0.00,0.00
2017-06-30 18:43:55 UTC,335797,270.00,0.00,0.00,0.00,0.00
2017-06-30 18:45:01 UTC,335798,225.00,0.00,0.45,0.00,0.00
2017-06-30 18:46:07 UTC,335799,270.00,0.00,0.45,0.00,0.00
2017-06-30 18:48:16 UTC,335800,225.00,0.00,0.45,0.00,0.00
2017-06-30 18:49:22 UTC,335801,270.00,0.00,0.45,0.00,0.00
2017-06-30 18:50:28 UTC,335802,225.00,0.00,0.45,0.00,0.00
2017-06-30 18:51:33 UTC,335803,270.00,0.00,0.45,0.00,0.00
2017-06-30 18:52:37 UTC,335804,225.00,0.00,0.45,0.00,0.00
2017-06-30 18:53:44 UTC,335805,225.00,0.00,0.45,0.00,0.00
2017-06-30 18:54:48 UTC,335806,225.00,0.00,0.45,0.00,0.00
2017-06-30 18:55:53 UTC,335807,270.00,0.00,0.45,0.00,0.00
2017-06-30 18:57:01 UTC,335808,225.00,0.00,0.00,0.00,0.00
2017-06-30 18:58:04 UTC,335809,225.00,0.00,0.00,0.00,0.00
2017-06-30 18:59:09 UTC,335810,225.00,0.00,0.00,0.00,0.00
2017-06-30 19:00:15 UTC,335811,225.00,0.00,0.45,0.00,0.00
2017-06-30 19:01:20 UTC,335812,225.00,0.00,0.45,0.00,0.00
2017-06-30 19:02:25 UTC,335813,225.00,0.00,0.45,0.00,0.00
2017-06-30 19:03:30 UTC,335814,270.00,0.00,0.45,0.00,0.00
2017-06-30 19:04:35 UTC,335815,270.00,0.00,0.45,0.00,0.00
2017-06-30 19:05:41 UTC,335816,225.00,0.00,0.45,0.00,0.00
2017-06-30 19:06:46 UTC,335817,270.00,0.00,0.45,0.00,0.00
2017-06-30 19:08:57 UTC,335818,270.00,0.00,0.45,0.00,0.00
2017-06-30 19:10:02 UTC,335819,225.00,0.00,0.45,0.00,0.00
2017-06-30 19:11:08 UTC,335820,270.00,0.00,0.45,0.00,0.00
2017-06-30 19:12:12 UTC,335821,270.00,0.00,0.45,0.00,0.00
2017-06-30 19:13:19 UTC,335822,225.00,0.00,0.45,0.00,0.00
2017-06-30 19:14:25 UTC,335823,270.00,0.00,0.45,0.00,0.00
2017-06-30 19:15:29 UTC,335824,270.00,0.00,0.00,0.00,0.00
2017-06-30 19:16:34 UTC,335825,270.00,0.00,0.00,0.00,0.00
2017-06-30 19:17:40 UTC,335826,270.00,0.00,0.00,0.00,0.00
2017-06-30 19:18:44 UTC,335827,225.00,0.00,0.45,0.00,0.00
2017-06-30 19:19:50 UTC,335828,270.00,0.00,0.45,0.00,0.00
2017-06-30 19:20:55 UTC,335829,225.00,0.00,0.45,0.00,0.00
2017-06-30 19:23:05 UTC,335830,270.00,0.00,0.45,0.00,0.00
2017-06-30 19:24:11 UTC,335831,225.00,0.00,0.45,0.00,0.00
2017-06-30 19:25:17 UTC,335832,225.00,0.00,0.00,0.00,0.00
2017-06-30 19:26:21 UTC,335833,225.00,0.00,0.45,0.00,0.00
2017-06-30 19:27:26 UTC,335834,270.00,0.00,0.45,0.00,0.00
2017-06-30 19:28:32 UTC,335835,225.00,0.00,0.45,0.00,0.00
2017-06-30 19:29:39 UTC,335836,270.00,0.00,0.45,0.00,0.00
2017-06-30 19:30:42 UTC,335837,225.00,0.00,0.45,0.00,0.00
2017-06-30 19:31:48 UTC,335838,225.00,0.00,0.45,0.00,0.00
2017-06-30 19:32:53 UTC,335839,180.00,0.00,0.00,0.00,0.00
2017-06-30 19:33:58 UTC,335840,180.00,0.00,0.00,0.00,0.00
2017-06-30 19:35:03 UTC,335841,270.00,0.00,0.00,0.00,0.00
2017-06-30 19:36:09 UTC,335842,225.00,0.00,0.00,0.00,0.00
2017-06-30 19:37:14 UTC,335843,225.00,0.00,0.00,0.00,0.00
2017-06-30 19:38:19 UTC,335844,270.00,0.00,0.00,0.00,0.00
2017-06-30 19:40:30 UTC,335845,270.00,0.00,0.00,0.00,0.00
2017-06-30 19:41:35 UTC,335846,225.00,0.00,0.00,0.00,0.00
2017-06-30 19:42:41 UTC,335847,225.00,0.00,0.00,0.00,0.00
2017-06-30 19:43:45 UTC,335848,225.00,0.00,0.00,0.00,0.00
2017-06-30 19:44:51 UTC,335849,225.00,0.00,0.00,0.00,0.00
2017-06-30 19:45:56 UTC,335850,225.00,0.00,0.00,0.00,0.00
2017-06-30 19:47:01 UTC,335851,225.00,0.00,0.00,0.00,0.00
2017-06-30 19:48:07 UTC,335852,225.00,0.00,0.00,0.00,0.00
2017-06-30 19:49:12 UTC,335853,270.00,0.00,0.00,0.00,0.00
2017-06-30 19:50:25 UTC,335854,225.00,0.00,0.00,0.00,0.00
2017-06-30 19:51:23 UTC,335855,225.00,0.00,0.00,0.00,0.00
2017-06-30 19:52:33 UTC,335856,225.00,0.00,0.00,0.00,0.00
2017-06-30 19:54:38 UTC,335857,225.00,0.00,0.00,0.00,0.00
2017-06-30 19:55:44 UTC,335858,225.00,0.00,0.00,0.00,0.00
2017-06-30 19:56:49 UTC,335859,270.00,0.00,0.00,0.00,0.00
2017-06-30 19:59:01 UTC,335860,225.00,0.00,0.00,0.00,0.00
2017-06-30 20:01:10 UTC,335861,225.00,0.00,0.00,0.00,0.00
2017-06-30 20:02:15 UTC,335862,225.00,0.00,0.00,0.00,0.00
2017-06-30 20:03:20 UTC,335863,225.00,0.00,0.00,0.00,0.00
2017-06-30 20:04:27 UTC,335864,225.00,0.00,0.00,0.00,0.00
2017-06-30 20:05:31 UTC,335865,225.00,0.00,0.00,0.00,0.00
2017-06-30 20:06:36 UTC,335866,270.00,0.00,0.00,0.00,0.00
2017-06-30 20:07:42 UTC,335867,225.00,0.00,0.00,0.00,0.00
2017-06-30 20:08:47 UTC,335868,225.00,0.00,0.00,0.00,0.00
2017-06-30 20:09:52 UTC,335869,225.00,0.00,0.00,0.00,0.00
2017-06-30 20:11:00 UTC,335870,225.00,0.00,0.00,0.00,0.00
2017-06-30 20:12:03 UTC,335871,225.00,0.00,0.00,0.00,0.00
2017-06-30 20:13:09 UTC,335872,225.00,0.00,0.00,0.00,0.00
2017-06-30 20:14:13 UTC,335873,225.00,0.00,0.00,0.00,0.00
2017-06-30 20:15:19 UTC,335874,225.00,0.00,0.00,0.00,0.00
2017-06-30 20:16:26 UTC,335875,225.00,0.00,0.00,0.00,0.00
2017-06-30 20:17:29 UTC,335876,270.00,0.00,0.00,0.00,0.00
2017-06-30 20:18:34 UTC,335877,225.00,0.00,0.00,0.00,0.00
2017-06-30 20:19:40 UTC,335878,225.00,0.00,0.00,0.00,0.00
2017-06-30 20:21:51 UTC,335879,225.00,0.00,0.00,0.00,0.00
2017-06-30 20:22:59 UTC,335880,225.00,0.00,0.00,0.00,0.00
2017-06-30 20:24:01 UTC,335881,225.00,0.00,0.00,0.00,0.00
2017-06-30 20:25:06 UTC,335882,270.00,0.00,0.00,0.00,0.00
2017-06-30 20:26:12 UTC,335883,225.00,0.00,0.00,0.00,0.00
2017-06-30 20:27:17 UTC,335884,225.00,0.00,0.00,0.00,0.00
2017-06-30 20:28:22 UTC,335885,270.00,0.00,0.00,0.00,0.00
2017-06-30 20:29:27 UTC,335886,225.00,0.00,0.00,0.00,0.00
2017-06-30 20:30:32 UTC,335887,225.00,0.00,0.00,0.00,0.00
2017-06-30 20:31:38 UTC,335888,225.00,0.00,0.00,0.00,0.00
2017-06-30 20:32:43 UTC,335889,180.00,0.00,0.00,0.00,0.00
2017-06-30 20:33:48 UTC,335890,225.00,0.00,0.00,0.00,0.00
2017-06-30 20:34:54 UTC,335891,225.00,0.00,0.00,0.00,0.00
2017-06-30 20:35:59 UTC,335892,270.00,0.00,0.00,0.00,0.00
2017-06-30 20:37:04 UTC,335893,270.00,0.00,0.00,0.00,0.00
2017-06-30 20:38:10 UTC,335894,225.00,0.00,0.00,0.00,0.00
2017-06-30 20:39:15 UTC,335895,225.00,0.00,0.00,0.00,0.00
2017-06-30 20:40:20 UTC,335896,225.00,0.00,0.00,0.00,0.00
2017-06-30 20:41:27 UTC,335897,270.00,0.00,0.00,0.00,0.00
2017-06-30 20:42:31 UTC,335898,270.00,0.00,0.00,0.00,0.00
2017-06-30 20:43:36 UTC,335899,225.00,0.00,0.00,0.00,0.00
2017-06-30 20:45:46 UTC,335900,225.00,0.00,0.00,0.00,0.00
2017-06-30 20:46:52 UTC,335901,270.00,0.00,0.00,0.00,0.00
2017-06-30 20:49:03 UTC,335902,270.00,0.00,0.00,0.00,0.00
2017-06-30 20:50:09 UTC,335903,225.00,0.00,0.00,0.00,0.00
2017-06-30 20:51:14 UTC,335904,270.00,0.00,0.00,0.00,0.00
2017-06-30 20:52:18 UTC,335905,225.00,0.00,0.00,0.00,0.00
2017-06-30 20:53:23 UTC,335906,135.00,0.00,0.00,0.00,0.00
2017-06-30 20:54:30 UTC,335907,315.00,0.00,0.00,0.00,0.00
2017-06-30 20:55:35 UTC,335908,225.00,0.00,0.00,0.00,0.00
2017-06-30 20:56:39 UTC,335909,180.00,0.00,0.00,0.00,0.00
2017-06-30 20:57:44 UTC,335910,180.00,0.00,0.00,0.00,0.00
2017-06-30 20:58:50 UTC,335911,225.00,0.00,0.00,0.00,0.00
2017-06-30 20:59:55 UTC,335912,225.00,0.00,0.00,0.00,0.00
2017-06-30 21:01:00 UTC,335913,315.00,0.00,0.00,0.00,0.00
2017-06-30 21:02:08 UTC,335914,270.00,0.00,0.00,0.00,0.00
2017-06-30 21:03:11 UTC,335915,270.00,0.00,0.00,0.00,0.00
2017-06-30 21:04:16 UTC,335916,270.00,0.00,0.00,0.00,0.00
2017-06-30 21:05:21 UTC,335917,315.00,0.00,0.00,0.00,0.00
2017-06-30 21:06:27 UTC,335918,225.00,0.00,0.00,0.00,0.00
2017-06-30 21:07:33 UTC,335919,180.00,0.00,0.00,0.00,0.00
2017-06-30 21:09:44 UTC,335920,270.00,0.00,0.00,0.00,0.00
2017-06-30 21:10:48 UTC,335921,270.00,0.00,0.00,0.00,0.00
2017-06-30 21:11:53 UTC,335922,225.00,0.00,0.00,0.00,0.00
2017-06-30 21:14:04 UTC,335923,225.00,0.00,0.00,0.00,0.00
2017-06-30 21:15:09 UTC,335924,270.00,0.00,0.00,0.00,0.00
2017-06-30 21:17:20 UTC,335925,270.00,0.00,0.00,0.00,0.00
2017-06-30 21:18:25 UTC,335926,225.00,0.00,0.00,0.00,0.00
2017-06-30 21:19:30 UTC,335927,225.00,0.00,0.00,0.00,0.00
2017-06-30 21:20:35 UTC,335928,225.00,0.00,0.00,0.00,0.00
2017-06-30 21:21:40 UTC,335929,225.00,0.00,0.00,0.00,0.00
2017-06-30 21:22:46 UTC,335930,225.00,0.00,0.00,0.00,0.00
2017-06-30 21:23:53 UTC,335931,225.00,0.00,0.00,0.00,0.00
2017-06-30 21:24:56 UTC,335932,225.00,0.00,0.00,0.00,0.00
2017-06-30 21:26:02 UTC,335933,270.00,0.00,0.00,0.00,0.00
2017-06-30 21:27:07 UTC,335934,225.00,0.00,0.00,0.00,0.00
2017-06-30 21:28:12 UTC,335935,225.00,0.00,0.00,0.00,0.00
2017-06-30 21:29:17 UTC,335936,270.00,0.00,0.00,0.00,0.00
2017-06-30 21:30:24 UTC,335937,225.00,0.00,0.00,0.00,0.00
2017-06-30 21:31:29 UTC,335938,225.00,0.00,0.00,0.00,0.00
2017-06-30 21:32:33 UTC,335939,180.00,0.00,0.00,0.00,0.00
2017-06-30 21:33:39 UTC,335940,225.00,0.00,0.00,0.00,0.00
2017-06-30 21:34:44 UTC,335941,270.00,0.00,0.00,0.00,0.00
2017-06-30 21:35:51 UTC,335942,270.00,0.00,0.00,0.00,0.00
2017-06-30 21:36:54 UTC,335943,270.00,0.00,0.00,0.00,0.00
2017-06-30 21:38:01 UTC,335944,270.00,0.00,0.00,0.00,0.00
2017-06-30 21:39:05 UTC,335945,270.00,0.00,0.00,0.00,0.00
2017-06-30 21:40:10 UTC,335946,225.00,0.00,0.00,0.00,0.00
2017-06-30 21:42:21 UTC,335947,225.00,0.00,0.00,0.00,0.00
2017-06-30 21:43:26 UTC,335948,225.00,0.00,0.00,0.00,0.00
2017-06-30 21:44:31 UTC,335949,225.00,0.00,0.00,0.00,0.00
2017-06-30 22:02:06 UTC,335950,225.00,0.00,0.00,0.00,0.00
2017-06-30 22:02:39 UTC,335951,225.00,0.00,0.00,0.00,0.00
2017-06-30 22:03:04 UTC,335952,225.00,0.00,0.00,0.00,0.00
2017-06-30 22:03:29 UTC,335953,270.00,0.00,0.00,0.00,0.00
2017-06-30 22:03:54 UTC,335954,225.00,0.00,0.00,0.00,0.00
2017-06-30 22:04:10 UTC,335955,225.00,0.00,0.00,0.00,0.00
2017-06-30 22:05:12 UTC,335956,225.00,0.00,0.00,0.00,0.00
2017-06-30 22:06:17 UTC,335957,225.00,0.00,0.00,0.00,0.00
2017-06-30 22:07:23 UTC,335958,225.00,0.00,0.00,0.00,0.00
2017-06-30 22:08:28 UTC,335959,225.00,0.00,0.00,0.00,0.00
2017-06-30 22:09:34 UTC,335960,270.00,0.00,0.00,0.00,0.00
2017-06-30 22:10:38 UTC,335961,225.00,0.00,0.00,0.00,0.00
2017-06-30 22:11:43 UTC,335962,225.00,0.00,0.00,0.00,0.00
2017-06-30 22:12:49 UTC,335963,270.00,0.00,0.00,0.00,0.00
2017-06-30 22:13:54 UTC,335964,315.00,0.00,0.00,0.00,0.00
2017-06-30 22:15:00 UTC,335965,270.00,0.00,0.00,0.00,0.00
2017-06-30 22:16:05 UTC,335966,270.00,0.00,0.00,0.00,0.00
2017-06-30 22:17:10 UTC,335967,225.00,0.00,0.00,0.00,0.00
2017-06-30 22:18:15 UTC,335968,225.00,0.00,0.00,0.00,0.00
2017-06-30 22:19:20 UTC,335969,270.00,0.00,0.00,0.00,0.00
2017-06-30 22:20:26 UTC,335970,270.00,0.00,0.00,0.00,0.00
2017-06-30 22:21:33 UTC,335971,225.00,0.00,0.00,0.00,0.00
2017-06-30 22:22:36 UTC,335972,225.00,0.00,0.00,0.00,0.00
2017-06-30 22:23:41 UTC,335973,225.00,0.00,0.00,0.00,0.00
2017-06-30 22:24:47 UTC,335974,225.00,0.00,0.00,0.00,0.00
2017-06-30 22:25:52 UTC,335975,225.00,0.00,0.00,0.00,0.00
2017-06-30 22:28:03 UTC,335976,270.00,0.00,0.45,0.00,0.00
2017-06-30 22:29:08 UTC,335977,225.00,0.00,0.45,0.00,0.00
2017-06-30 22:30:13 UTC,335978,135.00,0.00,0.45,0.00,0.00
2017-06-30 22:31:18 UTC,335979,270.00,0.00,0.45,0.00,0.00
2017-06-30 22:32:24 UTC,335980,225.00,0.00,0.45,0.00,0.00
2017-06-30 22:33:29 UTC,335981,270.00,0.00,0.00,0.00,0.00
2017-06-30 22:34:34 UTC,335982,270.00,0.00,0.00,0.00,0.00
2017-06-30 22:35:39 UTC,335983,225.00,0.00,0.00,0.00,0.00
2017-06-30 22:37:51 UTC,335984,270.00,0.00,0.00,0.00,0.00
2017-06-30 22:38:55 UTC,335985,270.00,0.00,0.00,0.00,0.00
2017-06-30 22:40:01 UTC,335986,225.00,0.00,0.00,0.00,0.00
2017-06-30 22:41:06 UTC,335987,180.00,0.00,0.00,0.00,0.00
2017-06-30 22:43:17 UTC,335988,225.00,0.00,0.00,0.00,0.00
2017-06-30 22:44:22 UTC,335989,225.00,0.00,0.45,0.00,0.00
2017-06-30 22:45:27 UTC,335990,225.00,0.00,0.45,0.00,0.00
2017-06-30 22:46:33 UTC,335991,315.00,0.00,0.45,0.00,0.00
2017-06-30 22:47:38 UTC,335992,270.00,0.00,0.45,0.00,0.00
2017-06-30 22:48:43 UTC,335993,225.00,0.00,0.45,0.00,0.00
2017-06-30 22:49:50 UTC,335994,225.00,0.00,0.00,0.00,0.00
2017-06-30 22:50:54 UTC,335995,225.00,0.00,0.45,0.00,0.00
2017-06-30 22:51:59 UTC,335996,225.00,0.00,0.45,0.00,0.00
2017-06-30 22:53:04 UTC,335997,225.00,0.00,0.45,0.00,0.00
2017-06-30 22:54:10 UTC,335998,270.00,0.00,0.45,0.00,0.00
2017-06-30 22:55:15 UTC,335999,225.00,0.00,0.45,0.00,0.00
2017-06-30 22:56:20 UTC,336000,270.00,0.00,0.45,0.00,0.00
2017-06-30 22:57:25 UTC,336001,315.00,0.00,0.00,0.00,0.00
2017-06-30 22:58:32 UTC,336002,180.00,0.00,0.00,0.00,0.00
2017-06-30 22:59:36 UTC,336003,180.00,0.00,0.00,0.00,0.00
2017-06-30 23:00:41 UTC,336004,270.00,0.00,0.00,0.00,0.00
2017-06-30 23:01:46 UTC,336005,135.00,0.00,0.00,0.00,0.00
2017-06-30 23:02:52 UTC,336006,180.00,0.00,0.00,0.00,0.00
2017-06-30 23:05:03 UTC,336007,270.00,0.00,0.00,0.00,0.00
2017-06-30 23:06:08 UTC,336008,180.00,0.00,0.00,0.00,0.00
2017-06-30 23:07:14 UTC,336009,180.00,0.00,0.00,0.00,0.00
2017-06-30 23:09:25 UTC,336010,270.00,0.00,0.00,0.00,0.00
2017-06-30 23:10:28 UTC,336011,225.00,0.00,0.45,0.00,0.00
2017-06-30 23:11:34 UTC,336012,225.00,0.00,0.45,0.00,0.00
2017-06-30 23:12:39 UTC,336013,180.00,0.00,0.45,0.00,0.00
2017-06-30 23:14:50 UTC,336014,225.00,0.00,0.45,0.00,0.00
2017-06-30 23:15:55 UTC,336015,315.00,0.00,0.45,0.00,0.00
2017-06-30 23:17:00 UTC,336016,270.00,0.00,0.00,0.00,0.00
2017-06-30 23:18:05 UTC,336017,225.00,0.00,0.00,0.00,0.00
2017-06-30 23:19:11 UTC,336018,225.00,0.00,0.00,0.00,0.00
2017-06-30 23:20:16 UTC,336019,180.00,0.00,0.00,0.00,0.00
2017-06-30 23:21:21 UTC,336020,270.00,0.00,0.00,0.00,0.00
2017-06-30 23:22:27 UTC,336021,225.00,0.00,0.00,0.00,0.00
2017-06-30 23:23:32 UTC,336022,270.00,0.00,0.00,0.00,0.00
2017-06-30 23:24:37 UTC,336023,225.00,0.00,0.00,0.00,0.00
2017-06-30 23:25:42 UTC,336024,225.00,0.00,0.00,0.00,0.00
2017-06-30 23:26:48 UTC,336025,270.00,0.00,0.00,0.00,0.00
2017-06-30 23:27:54 UTC,336026,270.00,0.00,0.00,0.00,0.00
2017-06-30 23:29:04 UTC,336027,270.00,0.00,0.45,0.00,0.00
2017-06-30 23:30:09 UTC,336028,270.00,0.00,0.45,0.00,0.00
2017-06-30 23:32:14 UTC,336029,225.00,0.00,0.45,0.00,0.00
2017-06-30 23:33:20 UTC,336030,225.00,0.00,0.45,0.00,0.00
2017-06-30 23:34:26 UTC,336031,225.00,0.00,0.45,0.00,0.00
2017-06-30 23:35:30 UTC,336032,270.00,0.00,0.00,0.00,0.00
2017-06-30 23:36:35 UTC,336033,225.00,0.00,0.00,0.00,0.00
2017-06-30 23:37:41 UTC,336034,315.00,0.00,0.00,0.00,0.00
2017-06-30 23:38:46 UTC,336035,225.00,0.00,0.00,0.00,0.00
2017-06-30 23:39:51 UTC,336036,270.00,0.00,0.00,0.00,0.00
2017-06-30 23:40:56 UTC,336037,270.00,0.00,0.00,0.00,0.00
2017-06-30 23:42:02 UTC,336038,225.00,0.00,0.00,0.00,0.00
2017-06-30 23:43:08 UTC,336039,270.00,0.00,0.00,0.00,0.00
2017-06-30 23:44:14 UTC,336040,225.00,0.00,0.00,0.00,0.00
2017-06-30 23:45:18 UTC,336041,270.00,0.00,0.00,0.00,0.00
2017-06-30 23:46:23 UTC,336042,225.00,0.00,0.00,0.00,0.00
2017-06-30 23:47:30 UTC,336043,225.00,0.00,0.00,0.00,0.00
2017-06-30 23:48:33 UTC,336044,225.00,0.00,0.00,0.00,0.00
2017-06-30 23:49:39 UTC,336045,225.00,0.00,0.00,0.00,0.00
2017-06-30 23:50:44 UTC,336046,225.00,0.00,0.00,0.00,0.00
2017-06-30 23:51:49 UTC,336047,315.00,0.00,0.00,0.00,0.00
2017-06-30 23:55:06 UTC,336048,270.00,0.00,0.00,0.00,0.00
2017-06-30 23:56:10 UTC,336049,0.00,0.00,0.00,0.00,0.00
2017-06-30 23:57:16 UTC,336050,0.00,0.00,0.00,0.00,0.00
2017-06-30 23:58:21 UTC,336051,0.00,0.00,0.00,0.00,0.00
2017-06-30 23:59:26 UTC,336052,45.00,0.00,0.00,0.00,0.00
